date,state,fips州代码,cases,原始每日新增病例数,平滑处理后每日新增病例数,time天数,Rt,Re(t),β ,γ,S,I,R,total,每日累计病例数预测,每日新增病例数预测,残差,,,,,,,,,,,,,,,,,, 
2020/3/4,,,1,0,0.00 ,0,0.00 ,0.00 ,0.00 ,0.2,1.17E+07,1,0.00E+00,1.17E+07,0.00E+00,0.00 ,0.00 ,,人口总数N：,1.17E+07,人,,,,,,,,,,,,,,
2020/3/5,,,1,0,0.00 ,1,0.00 ,0.00 ,0.00 ,0.2,1.17E+07,8.00E-01,2.00E-01,1.17E+07,0.00E+00,0.00 ,0.00 ,,,,,,,,,,,,,,,,,,
2020/3/6,,,1,0,0.00 ,2,0.00 ,0.00 ,0.00 ,0.2,1.17E+07,6.40E-01,3.60E-01,1.17E+07,0.00E+00,0.00 ,0.00 ,,平均感染期D：,5,天,,,,,,,,,,,,,,
2020/3/7,,,1,0,0.29 ,3,2.79 ,2.79 ,0.56 ,0.2,1.17E+07,5.12E-01,4.88E-01,1.17E+07,0.00E+00,0.00 ,-0.29 ,,,,,,,,,,,,,,,,,,
2020/3/8,,,1,0,0.43 ,4,3.08 ,3.08 ,0.62 ,0.2,1.17E+07,6.95E-01,5.90E-01,1.17E+07,2.86E-01,0.29 ,-0.14 ,,移除率γ:,0.2,天^1,,,,,,,,,,,,,,
2020/3/9,Ohio,39,3,2,0.57 ,5,2.90 ,2.90 ,0.58 ,0.2,1.17E+07,9.85E-01,7.29E-01,1.17E+07,7.14E-01,0.43 ,-0.14 ,,,,,,,,,,,,,,,,,,
2020/3/10,Ohio,39,3,0,1.71 ,6,6.31 ,6.31 ,1.26 ,0.2,1.17E+07,1.36E+00,9.26E-01,1.17E+07,1.29E+00,0.57 ,-1.14 ,,Δt:,1,天,,,,,,,,,,,,,,
2020/3/11,Ohio,39,4,1,3.57 ,7,6.37 ,6.37 ,1.27 ,0.2,1.17E+07,2.80E+00,1.20E+00,1.17E+07,3.00E+00,1.71 ,-1.86 ,,,,,,,,,,,,,,,,,,
2020/3/12,Ohio,39,5,1,5.14 ,8,4.42 ,4.42 ,0.88 ,0.2,1.17E+07,5.81E+00,1.76E+00,1.17E+07,6.57E+00,3.57 ,-1.57 ,,,,,,,,,,,,,,,,,,
2020/3/13,Ohio,39,13,8,6.71 ,9,3.43 ,3.43 ,0.69 ,0.2,1.17E+07,9.79E+00,2.92E+00,1.17E+07,1.17E+01,5.14 ,-1.57 ,,,,,,,,,,,,,,,,,,
2020/3/14,Ohio,39,26,13,9.14 ,10,3.14 ,3.14 ,0.63 ,0.2,1.17E+07,1.45E+01,4.88E+00,1.17E+07,1.84E+01,6.71 ,-2.43 ,,,,,,,,,,,,,,,,,,
2020/3/15,Ohio,39,37,11,12.29 ,11,2.96 ,2.96 ,0.59 ,0.2,1.17E+07,2.08E+01,7.79E+00,1.17E+07,2.76E+01,9.14 ,-3.14 ,,,,,,,,,,,,,,,,,,
2020/3/16,Ohio,39,50,13,16.43 ,12,2.84 ,2.84 ,0.57 ,0.2,1.17E+07,2.89E+01,1.19E+01,1.17E+07,3.99E+01,12.29 ,-4.14 ,,,,,,,,,,,,,,,,,,
2020/3/17,Ohio,39,67,17,22.29 ,13,2.82 ,2.82 ,0.56 ,0.2,1.17E+07,3.96E+01,1.77E+01,1.17E+07,5.63E+01,16.43 ,-5.86 ,,,,,,,,,,,,,,,,,,
2020/3/18,Ohio,39,90,23,31.57 ,14,2.93 ,2.93 ,0.59 ,0.2,1.17E+07,5.39E+01,2.56E+01,1.17E+07,7.86E+01,22.29 ,-9.29 ,,,,,,,,,,,,,,,,,,
2020/3/19,Ohio,39,120,30,44.86 ,15,3.00 ,3.00 ,0.60 ,0.2,1.17E+07,7.47E+01,3.64E+01,1.17E+07,1.10E+02,31.57 ,-13.29 ,,,,,,,,,,,,,,,,,,
2020/3/20,Ohio,39,169,49,56.29 ,16,2.69 ,2.69 ,0.54 ,0.2,1.17E+07,1.05E+02,5.14E+01,1.17E+07,1.55E+02,44.86 ,-11.43 ,,,,,,,,,,,,,,,,,,
2020/3/21,Ohio,39,247,78,71.00 ,17,2.54 ,2.54 ,0.51 ,0.2,1.17E+07,1.40E+02,7.23E+01,1.17E+07,2.11E+02,56.29 ,-14.71 ,,,,,,,,,,,,,,,,,,
2020/3/22,Ohio,39,351,104,88.14 ,18,2.41 ,2.41 ,0.48 ,0.2,1.17E+07,1.83E+02,1.00E+02,1.17E+07,2.82E+02,71.00 ,-17.14 ,,,,,,,,,,,,,,,,,,
2020/3/23,Ohio,39,444,93,106.71 ,19,2.28 ,2.28 ,0.46 ,0.2,1.17E+07,2.35E+02,1.37E+02,1.17E+07,3.70E+02,88.14 ,-18.57 ,,,,,,,,,,,,,,,,,,
2020/3/24,Ohio,39,564,120,139.29 ,20,2.37 ,2.37 ,0.47 ,0.2,1.17E+07,2.94E+02,1.84E+02,1.17E+07,4.77E+02,106.71 ,-32.57 ,,,,,,,,,,,,,,,,,,
2020/3/25,Ohio,39,707,143,165.57 ,21,2.21 ,2.21 ,0.44 ,0.2,1.17E+07,3.75E+02,2.43E+02,1.17E+07,6.16E+02,139.29 ,-26.29 ,,,,,,,,,,,,,,,,,,
2020/3/26,Ohio,39,867,160,187.71 ,22,2.02 ,2.02 ,0.40 ,0.2,1.17E+07,4.65E+02,3.18E+02,1.17E+07,7.82E+02,165.57 ,-22.14 ,,,,,,,,,,,,,,,,,,
2020/3/27,Ohio,39,1144,277,212.71 ,23,1.90 ,1.90 ,0.38 ,0.2,1.17E+07,5.60E+02,4.11E+02,1.17E+07,9.70E+02,187.71 ,-25.00 ,,,,,,,,,,,,,,,,,,
2020/3/28,Ohio,39,1406,262,233.57 ,24,1.77 ,1.77 ,0.35 ,0.2,1.17E+07,6.61E+02,5.23E+02,1.17E+07,1.18E+03,212.71 ,-20.86 ,,,,,,,,,,,,,,,,,,
2020/3/29,Ohio,39,1665,259,263.00 ,25,1.73 ,1.73 ,0.35 ,0.2,1.17E+07,7.62E+02,6.55E+02,1.17E+07,1.42E+03,233.57 ,-29.43 ,,,,,,,,,,,,,,,,,,
2020/3/30,Ohio,39,1933,268,290.86 ,26,1.67 ,1.67 ,0.33 ,0.2,1.17E+07,8.73E+02,8.07E+02,1.17E+07,1.68E+03,263.00 ,-27.86 ,,,,,,,,,,,,,,,,,,
2020/3/31,Ohio,39,2199,266,309.71 ,27,1.57 ,1.57 ,0.31 ,0.2,1.17E+07,9.89E+02,9.82E+02,1.17E+07,1.97E+03,290.86 ,-18.86 ,,,,,,,,,,,,,,,,,,
2020/4/1,Ohio,39,2548,349,333.29 ,28,1.51 ,1.51 ,0.30 ,0.2,1.17E+07,1.10E+03,1.18E+03,1.17E+07,2.28E+03,309.71 ,-23.57 ,,,,,,,,,,,,,,,,,,
2020/4/2,Ohio,39,2903,355,339.71 ,29,1.40 ,1.40 ,0.28 ,0.2,1.17E+07,1.21E+03,1.40E+03,1.17E+07,2.61E+03,333.29 ,-6.43 ,,,,,,,,,,,,,,,,,,
2020/4/3,Ohio,39,3312,409,359.57 ,30,1.37 ,1.37 ,0.27 ,0.2,1.17E+07,1.31E+03,1.64E+03,1.17E+07,2.95E+03,339.71 ,-19.86 ,,,,,,,,,,,,,,,,,,
2020/4/4,Ohio,39,3739,427,369.14 ,31,1.31 ,1.31 ,0.26 ,0.2,1.17E+07,1.41E+03,1.90E+03,1.17E+07,3.31E+03,359.57 ,-9.57 ,,,,,,,,,,,,,,,,,,
2020/4/5,Ohio,39,4043,304,371.57 ,32,1.24 ,1.24 ,0.25 ,0.2,1.17E+07,1.50E+03,2.19E+03,1.17E+07,3.68E+03,369.14 ,-2.43 ,,,,,,,,,,,,,,,,,,
2020/4/6,Ohio,39,4450,407,372.86 ,33,1.19 ,1.19 ,0.24 ,0.2,1.17E+07,1.57E+03,2.49E+03,1.17E+07,4.05E+03,371.57 ,-1.29 ,,,,,,,,,,,,,,,,,,
2020/4/7,Ohio,39,4783,333,366.71 ,34,1.13 ,1.13 ,0.23 ,0.2,1.17E+07,1.63E+03,2.80E+03,1.17E+07,4.43E+03,372.86 ,6.14 ,,,,,,,,,,,,,,,,,,
2020/4/8,Ohio,39,5149,366,358.86 ,35,1.08 ,1.08 ,0.22 ,0.2,1.17E+07,1.67E+03,3.12E+03,1.17E+07,4.79E+03,366.71 ,7.86 ,,,,,,,,,,,,,,,,,,
2020/4/9,Ohio,39,5513,364,366.00 ,36,1.08 ,1.08 ,0.22 ,0.2,1.17E+07,1.69E+03,3.46E+03,1.17E+07,5.15E+03,358.86 ,-7.14 ,,,,,,,,,,,,,,,,,,
2020/4/10,Ohio,39,5879,366,360.71 ,37,1.05 ,1.05 ,0.21 ,0.2,1.17E+07,1.72E+03,3.80E+03,1.17E+07,5.52E+03,366.00 ,5.29 ,,,,,,,,,,,,,,,,,,
2020/4/11,Ohio,39,6251,372,356.71 ,38,1.03 ,1.03 ,0.21 ,0.2,1.17E+07,1.74E+03,4.14E+03,1.17E+07,5.88E+03,360.71 ,4.00 ,,,,,,,,,,,,,,,,,,
2020/4/12,Ohio,39,6605,354,377.43 ,39,1.08 ,1.08 ,0.22 ,0.2,1.17E+07,1.75E+03,4.49E+03,1.17E+07,6.23E+03,356.71 ,-20.71 ,,,,,,,,,,,,,,,,,,
2020/4/13,Ohio,39,6975,370,414.43 ,40,1.17 ,1.17 ,0.23 ,0.2,1.17E+07,1.77E+03,4.84E+03,1.17E+07,6.61E+03,377.43 ,-37.00 ,,,,,,,,,,,,,,,,,,
2020/4/14,Ohio,39,7280,305,461.14 ,41,1.26 ,1.26 ,0.25 ,0.2,1.17E+07,1.83E+03,5.19E+03,1.17E+07,7.03E+03,414.43 ,-46.71 ,,,,,,,,,,,,,,,,,,
2020/4/15,Ohio,39,7791,511,567.29 ,42,1.47 ,1.47 ,0.29 ,0.2,1.17E+07,1.93E+03,5.56E+03,1.17E+07,7.49E+03,461.14 ,-106.14 ,,,,,,,,,,,,,,,,,,
2020/4/16,Ohio,39,8414,623,713.86 ,43,1.69 ,1.69 ,0.34 ,0.2,1.17E+07,2.11E+03,5.95E+03,1.17E+07,8.06E+03,567.29 ,-146.57 ,,,,,,,,,,,,,,,,,,
2020/4/17,Ohio,39,9107,693,849.14 ,44,1.77 ,1.77 ,0.35 ,0.2,1.17E+07,2.40E+03,6.37E+03,1.17E+07,8.77E+03,713.86 ,-135.29 ,,,,,,,,,,,,,,,,,,
2020/4/18,Ohio,39,10222,1115,920.71 ,45,1.66 ,1.66 ,0.33 ,0.2,1.17E+07,2.77E+03,6.85E+03,1.17E+07,9.62E+03,849.14 ,-71.57 ,,,,,,,,,,,,,,,,,,
2020/4/19,Ohio,39,11602,1380,903.71 ,46,1.44 ,1.44 ,0.29 ,0.2,1.17E+07,3.14E+03,7.40E+03,1.17E+07,1.05E+04,920.71 ,17.00 ,,,,,,,,,,,,,,,,,,
2020/4/20,Ohio,39,12919,1317,897.14 ,47,1.32 ,1.31 ,0.26 ,0.2,1.17E+07,3.41E+03,8.03E+03,1.17E+07,1.14E+04,903.71 ,6.57 ,,,,,,,,,,,,,,,,,,
2020/4/21,Ohio,39,13725,806,866.00 ,48,1.19 ,1.19 ,0.24 ,0.2,1.17E+07,3.63E+03,8.71E+03,1.17E+07,1.23E+04,897.14 ,31.14 ,,,,,,,,,,,,,,,,,,
2020/4/22,Ohio,39,14117,392,766.43 ,49,1.02 ,1.02 ,0.20 ,0.2,1.17E+07,3.77E+03,9.44E+03,1.17E+07,1.32E+04,866.00 ,99.57 ,,,,,,,,,,,,,,,,,,
2020/4/23,Ohio,39,14694,577,623.00 ,50,0.82 ,0.82 ,0.16 ,0.2,1.17E+07,3.78E+03,1.02E+04,1.17E+07,1.40E+04,766.43 ,143.43 ,,,,,,,,,,,,,,,,,,
2020/4/24,Ohio,39,15169,475,486.57 ,51,0.67 ,0.67 ,0.13 ,0.2,1.17E+07,3.65E+03,1.09E+04,1.17E+07,1.46E+04,623.00 ,136.43 ,,,,,,,,,,,,,,,,,,
2020/4/25,Ohio,39,15587,418,434.86 ,52,0.64 ,0.64 ,0.13 ,0.2,1.17E+07,3.40E+03,1.17E+04,1.17E+07,1.51E+04,486.57 ,51.71 ,,,,,,,,,,,,,,,,,,
2020/4/26,Ohio,39,15963,376,455.14 ,53,0.72 ,0.72 ,0.14 ,0.2,1.17E+07,3.16E+03,1.24E+04,1.17E+07,1.55E+04,434.86 ,-20.29 ,,,,,,,,,,,,,,,,,,
2020/4/27,Ohio,39,16325,362,476.14 ,54,0.80 ,0.80 ,0.16 ,0.2,1.17E+07,2.98E+03,1.30E+04,1.17E+07,1.60E+04,455.14 ,-21.00 ,,,,,,,,,,,,,,,,,,
2020/4/28,Ohio,39,16769,444,510.57 ,55,0.89 ,0.89 ,0.18 ,0.2,1.17E+07,2.86E+03,1.36E+04,1.17E+07,1.64E+04,476.14 ,-34.43 ,,,,,,,,,,,,,,,,,,
2020/4/29,Ohio,39,17303,534,535.43 ,56,0.96 ,0.96 ,0.19 ,0.2,1.17E+07,2.80E+03,1.42E+04,1.17E+07,1.70E+04,510.57 ,-24.86 ,,,,,,,,,,,,,,,,,,
2020/4/30,Ohio,39,18027,724,564.43 ,57,1.02 ,1.02 ,0.20 ,0.2,1.17E+07,2.78E+03,1.47E+04,1.17E+07,1.75E+04,535.43 ,-29.00 ,,,,,,,,,,,,,,,,,,
2020/5/1,Ohio,39,18743,716,592.71 ,58,1.07 ,1.06 ,0.21 ,0.2,1.17E+07,2.78E+03,1.53E+04,1.17E+07,1.81E+04,564.43 ,-28.29 ,,,,,,,,,,,,,,,,,,
2020/5/2,Ohio,39,19335,592,600.00 ,59,1.07 ,1.06 ,0.21 ,0.2,1.17E+07,2.82E+03,1.58E+04,1.17E+07,1.87E+04,592.71 ,-7.29 ,,,,,,,,,,,,,,,,,,
2020/5/3,Ohio,39,19914,579,610.43 ,60,1.07 ,1.07 ,0.21 ,0.2,1.17E+07,2.86E+03,1.64E+04,1.17E+07,1.93E+04,600.00 ,-10.43 ,,,,,,,,,,,,,,,,,,
2020/5/4,Ohio,39,20474,560,586.29 ,61,1.01 ,1.01 ,0.20 ,0.2,1.17E+07,2.90E+03,1.70E+04,1.17E+07,1.99E+04,610.43 ,24.14 ,,,,,,,,,,,,,,,,,,
2020/5/5,Ohio,39,20969,495,610.71 ,62,1.05 ,1.05 ,0.21 ,0.2,1.17E+07,2.90E+03,1.75E+04,1.17E+07,2.04E+04,586.29 ,-24.43 ,,,,,,,,,,,,,,,,,,
2020/5/6,Ohio,39,21576,607,623.14 ,63,1.06 ,1.06 ,0.21 ,0.2,1.17E+07,2.93E+03,1.81E+04,1.17E+07,2.11E+04,610.71 ,-12.43 ,,,,,,,,,,,,,,,,,,
2020/5/7,Ohio,39,22131,555,596.00 ,64,1.01 ,1.00 ,0.20 ,0.2,1.17E+07,2.97E+03,1.87E+04,1.17E+07,2.17E+04,623.14 ,27.14 ,,,,,,,,,,,,,,,,,,
2020/5/8,Ohio,39,23018,887,615.86 ,65,1.04 ,1.04 ,0.21 ,0.2,1.17E+07,2.97E+03,1.93E+04,1.17E+07,2.23E+04,596.00 ,-19.86 ,,,,,,,,,,,,,,,,,,
2020/5/9,Ohio,39,23697,679,612.57 ,66,1.03 ,1.02 ,0.21 ,0.2,1.17E+07,2.99E+03,1.99E+04,1.17E+07,2.29E+04,615.86 ,3.29 ,,,,,,,,,,,,,,,,,,
2020/5/10,Ohio,39,24086,389,593.00 ,67,0.99 ,0.99 ,0.20 ,0.2,1.17E+07,3.01E+03,2.05E+04,1.17E+07,2.35E+04,612.57 ,19.57 ,,,,,,,,,,,,,,,,,,
2020/5/11,Ohio,39,24785,699,604.57 ,68,1.01 ,1.01 ,0.20 ,0.2,1.17E+07,3.00E+03,2.11E+04,1.17E+07,2.41E+04,593.00 ,-11.57 ,,,,,,,,,,,,,,,,,,
2020/5/12,Ohio,39,25257,472,562.57 ,69,0.94 ,0.94 ,0.19 ,0.2,1.17E+07,3.00E+03,2.17E+04,1.17E+07,2.47E+04,604.57 ,42.00 ,,,,,,,,,,,,,,,,,,
2020/5/13,Ohio,39,25727,470,539.86 ,70,0.91 ,0.91 ,0.18 ,0.2,1.17E+07,2.97E+03,2.23E+04,1.17E+07,2.53E+04,562.57 ,22.71 ,,,,,,,,,,,,,,,,,,
2020/5/14,Ohio,39,26363,636,548.43 ,71,0.94 ,0.94 ,0.19 ,0.2,1.17E+07,2.91E+03,2.29E+04,1.17E+07,2.58E+04,539.86 ,-8.57 ,,,,,,,,,,,,,,,,,,
2020/5/15,Ohio,39,26956,593,524.29 ,72,0.91 ,0.91 ,0.18 ,0.2,1.17E+07,2.88E+03,2.35E+04,1.17E+07,2.64E+04,548.43 ,24.14 ,,,,,,,,,,,,,,,,,,
2020/5/16,Ohio,39,27476,520,528.00 ,73,0.94 ,0.93 ,0.19 ,0.2,1.17E+07,2.83E+03,2.41E+04,1.17E+07,2.69E+04,524.29 ,-3.71 ,,,,,,,,,,,,,,,,,,
2020/5/17,Ohio,39,27925,449,530.00 ,74,0.95 ,0.95 ,0.19 ,0.2,1.17E+07,2.79E+03,2.46E+04,1.17E+07,2.74E+04,528.00 ,-2.00 ,,,,,,,,,,,,,,,,,,
2020/5/18,Ohio,39,28455,530,543.57 ,75,0.99 ,0.98 ,0.20 ,0.2,1.17E+07,2.76E+03,2.52E+04,1.17E+07,2.79E+04,530.00 ,-13.57 ,,,,,,,,,,,,,,,,,,
2020/5/19,Ohio,39,28953,498,548.43 ,76,1.00 ,1.00 ,0.20 ,0.2,1.17E+07,2.75E+03,2.57E+04,1.17E+07,2.85E+04,543.57 ,-4.86 ,,,,,,,,,,,,,,,,,,
2020/5/20,Ohio,39,29437,484,561.71 ,77,1.02 ,1.02 ,0.20 ,0.2,1.17E+07,2.75E+03,2.63E+04,1.17E+07,2.90E+04,548.43 ,-13.29 ,,,,,,,,,,,,,,,,,,
2020/5/21,Ohio,39,30168,731,569.43 ,78,1.03 ,1.03 ,0.21 ,0.2,1.17E+07,2.76E+03,2.68E+04,1.17E+07,2.96E+04,561.71 ,-7.71 ,,,,,,,,,,,,,,,,,,
2020/5/22,Ohio,39,30795,627,574.57 ,79,1.04 ,1.03 ,0.21 ,0.2,1.17E+07,2.78E+03,2.74E+04,1.17E+07,3.02E+04,569.43 ,-5.14 ,,,,,,,,,,,,,,,,,,
2020/5/23,Ohio,39,31408,613,579.00 ,80,1.04 ,1.03 ,0.21 ,0.2,1.17E+07,2.80E+03,2.79E+04,1.17E+07,3.07E+04,574.57 ,-4.43 ,,,,,,,,,,,,,,,,,,
2020/5/24,Ohio,39,31911,503,571.71 ,81,1.02 ,1.01 ,0.20 ,0.2,1.17E+07,2.82E+03,2.85E+04,1.17E+07,3.13E+04,579.00 ,7.29 ,,,,,,,,,,,,,,,,,,
2020/5/25,Ohio,39,32477,566,535.29 ,82,0.95 ,0.95 ,0.19 ,0.2,1.17E+07,2.83E+03,2.91E+04,1.17E+07,3.19E+04,571.71 ,36.43 ,,,,,,,,,,,,,,,,,,
2020/5/26,Ohio,39,33006,529,538.71 ,83,0.97 ,0.96 ,0.19 ,0.2,1.17E+07,2.80E+03,2.96E+04,1.17E+07,3.24E+04,535.29 ,-3.43 ,,,,,,,,,,,,,,,,,,
2020/5/27,Ohio,39,33439,433,518.00 ,84,0.94 ,0.93 ,0.19 ,0.2,1.17E+07,2.78E+03,3.02E+04,1.17E+07,3.30E+04,538.71 ,20.71 ,,,,,,,,,,,,,,,,,,
2020/5/28,Ohio,39,33915,476,514.57 ,85,0.94 ,0.94 ,0.19 ,0.2,1.17E+07,2.74E+03,3.07E+04,1.17E+07,3.35E+04,518.00 ,3.43 ,,,,,,,,,,,,,,,,,,
2020/5/29,Ohio,39,34566,651,501.00 ,86,0.93 ,0.93 ,0.19 ,0.2,1.17E+07,2.71E+03,3.13E+04,1.17E+07,3.40E+04,514.57 ,13.57 ,,,,,,,,,,,,,,,,,,
2020/5/30,Ohio,39,35034,468,477.71 ,87,0.90 ,0.90 ,0.18 ,0.2,1.17E+07,2.67E+03,3.18E+04,1.17E+07,3.45E+04,501.00 ,23.29 ,,,,,,,,,,,,,,,,,,
2020/5/31,Ohio,39,35513,479,479.00 ,88,0.92 ,0.92 ,0.18 ,0.2,1.17E+07,2.61E+03,3.24E+04,1.17E+07,3.50E+04,477.71 ,-1.29 ,,,,,,,,,,,,,,,,,,
2020/6/1,Ohio,39,35984,471,481.00 ,89,0.94 ,0.94 ,0.19 ,0.2,1.17E+07,2.57E+03,3.29E+04,1.17E+07,3.54E+04,479.00 ,-2.00 ,,,,,,,,,,,,,,,,,,
2020/6/2,Ohio,39,36350,366,456.00 ,90,0.90 ,0.90 ,0.18 ,0.2,1.17E+07,2.53E+03,3.34E+04,1.17E+07,3.59E+04,481.00 ,25.00 ,,,,,,,,,,,,,,,,,,
2020/6/3,Ohio,39,36792,442,439.57 ,91,0.89 ,0.88 ,0.18 ,0.2,1.17E+07,2.48E+03,3.39E+04,1.17E+07,3.64E+04,456.00 ,16.43 ,,,,,,,,,,,,,,,,,,
2020/6/4,Ohio,39,37282,490,423.29 ,92,0.87 ,0.87 ,0.17 ,0.2,1.17E+07,2.43E+03,3.44E+04,1.17E+07,3.68E+04,439.57 ,16.29 ,,,,,,,,,,,,,,,,,,
2020/6/5,Ohio,39,37758,476,407.57 ,93,0.86 ,0.86 ,0.17 ,0.2,1.17E+07,2.36E+03,3.49E+04,1.17E+07,3.72E+04,423.29 ,15.71 ,,,,,,,,,,,,,,,,,,
2020/6/6,Ohio,39,38111,353,401.71 ,94,0.88 ,0.87 ,0.18 ,0.2,1.17E+07,2.30E+03,3.54E+04,1.17E+07,3.77E+04,407.57 ,5.86 ,,,,,,,,,,,,,,,,,,
2020/6/7,Ohio,39,38476,365,397.57 ,95,0.89 ,0.89 ,0.18 ,0.2,1.17E+07,2.24E+03,3.58E+04,1.17E+07,3.81E+04,401.71 ,4.14 ,,,,,,,,,,,,,,,,,,
2020/6/8,Ohio,39,38837,361,388.86 ,96,0.89 ,0.89 ,0.18 ,0.2,1.17E+07,2.19E+03,3.63E+04,1.17E+07,3.85E+04,397.57 ,8.71 ,,,,,,,,,,,,,,,,,,
2020/6/9,Ohio,39,39162,325,380.86 ,97,0.89 ,0.89 ,0.18 ,0.2,1.17E+07,2.14E+03,3.67E+04,1.17E+07,3.88E+04,388.86 ,8.00 ,,,,,,,,,,,,,,,,,,
2020/6/10,Ohio,39,39575,413,391.00 ,98,0.94 ,0.93 ,0.19 ,0.2,1.17E+07,2.09E+03,3.71E+04,1.17E+07,3.92E+04,380.86 ,-10.14 ,,,,,,,,,,,,,,,,,,
2020/6/11,Ohio,39,40004,429,381.71 ,99,0.93 ,0.92 ,0.19 ,0.2,1.17E+07,2.07E+03,3.76E+04,1.17E+07,3.96E+04,391.00 ,9.29 ,,,,,,,,,,,,,,,,,,
2020/6/12,Ohio,39,40424,420,391.29 ,100,0.96 ,0.96 ,0.19 ,0.2,1.17E+07,2.03E+03,3.80E+04,1.17E+07,4.00E+04,381.71 ,-9.57 ,,,,,,,,,,,,,,,,,,
2020/6/13,Ohio,39,40848,424,406.86 ,101,1.01 ,1.01 ,0.20 ,0.2,1.16E+07,2.02E+03,3.84E+04,1.17E+07,4.04E+04,391.29 ,-15.57 ,,,,,,,,,,,,,,,,,,
2020/6/14,Ohio,39,41148,300,406.71 ,102,1.01 ,1.01 ,0.20 ,0.2,1.16E+07,2.02E+03,3.88E+04,1.17E+07,4.08E+04,406.86 ,0.14 ,,,,,,,,,,,,,,,,,,
2020/6/15,Ohio,39,41576,428,445.43 ,103,1.10 ,1.10 ,0.22 ,0.2,1.16E+07,2.02E+03,3.92E+04,1.17E+07,4.12E+04,406.71 ,-38.71 ,,,,,,,,,,,,,,,,,,
2020/6/16,Ohio,39,42010,434,472.43 ,104,1.15 ,1.14 ,0.23 ,0.2,1.16E+07,2.06E+03,3.96E+04,1.17E+07,4.16E+04,445.43 ,-27.00 ,,,,,,,,,,,,,,,,,,
2020/6/17,Ohio,39,42422,412,487.71 ,105,1.15 ,1.15 ,0.23 ,0.2,1.16E+07,2.12E+03,4.00E+04,1.17E+07,4.21E+04,472.43 ,-15.29 ,,,,,,,,,,,,,,,,,,
2020/6/18,Ohio,39,43122,700,522.86 ,106,1.20 ,1.20 ,0.24 ,0.2,1.16E+07,2.19E+03,4.04E+04,1.17E+07,4.26E+04,487.71 ,-35.14 ,,,,,,,,,,,,,,,,,,
2020/6/19,Ohio,39,43731,609,565.86 ,107,1.25 ,1.24 ,0.25 ,0.2,1.16E+07,2.27E+03,4.09E+04,1.17E+07,4.31E+04,522.86 ,-43.00 ,,,,,,,,,,,,,,,,,,
2020/6/20,Ohio,39,44262,531,588.14 ,108,1.24 ,1.23 ,0.25 ,0.2,1.16E+07,2.38E+03,4.13E+04,1.17E+07,4.37E+04,565.86 ,-22.29 ,,,,,,,,,,,,,,,,,,
2020/6/21,Ohio,39,44808,546,619.57 ,109,1.25 ,1.24 ,0.25 ,0.2,1.16E+07,2.50E+03,4.18E+04,1.17E+07,4.43E+04,588.14 ,-31.43 ,,,,,,,,,,,,,,,,,,
2020/6/22,Ohio,39,45537,729,647.00 ,110,1.24 ,1.24 ,0.25 ,0.2,1.16E+07,2.62E+03,4.23E+04,1.17E+07,4.49E+04,619.57 ,-27.43 ,,,,,,,,,,,,,,,,,,
2020/6/23,Ohio,39,46127,590,701.00 ,111,1.28 ,1.28 ,0.26 ,0.2,1.16E+07,2.74E+03,4.28E+04,1.17E+07,4.56E+04,647.00 ,-54.00 ,,,,,,,,,,,,,,,,,,
2020/6/24,Ohio,39,46759,632,741.86 ,112,1.29 ,1.28 ,0.26 ,0.2,1.16E+07,2.89E+03,4.34E+04,1.17E+07,4.63E+04,701.00 ,-40.86 ,,,,,,,,,,,,,,,,,,
2020/6/25,Ohio,39,47651,892,785.86 ,113,1.29 ,1.29 ,0.26 ,0.2,1.16E+07,3.06E+03,4.39E+04,1.17E+07,4.70E+04,741.86 ,-44.00 ,,,,,,,,,,,,,,,,,,
2020/6/26,Ohio,39,48638,987,787.00 ,114,1.22 ,1.22 ,0.24 ,0.2,1.16E+07,3.23E+03,4.46E+04,1.17E+07,4.78E+04,785.86 ,-1.14 ,,,,,,,,,,,,,,,,,,
2020/6/27,Ohio,39,49455,817,808.86 ,115,1.20 ,1.20 ,0.24 ,0.2,1.16E+07,3.37E+03,4.52E+04,1.17E+07,4.86E+04,787.00 ,-21.86 ,,,,,,,,,,,,,,,,,,
2020/6/28,Ohio,39,50309,854,872.29 ,116,1.25 ,1.24 ,0.25 ,0.2,1.16E+07,3.51E+03,4.59E+04,1.17E+07,4.94E+04,808.86 ,-63.43 ,,,,,,,,,,,,,,,,,,
2020/6/29,Ohio,39,51046,737,930.71 ,117,1.27 ,1.27 ,0.25 ,0.2,1.16E+07,3.68E+03,4.66E+04,1.17E+07,5.02E+04,872.29 ,-58.43 ,,,,,,,,,,,,,,,,,,
2020/6/30,Ohio,39,51789,743,945.57 ,118,1.23 ,1.22 ,0.25 ,0.2,1.16E+07,3.87E+03,4.73E+04,1.17E+07,5.12E+04,930.71 ,-14.86 ,,,,,,,,,,,,,,,,,,
2020/7/1,Ohio,39,52865,1076,961.14 ,119,1.19 ,1.19 ,0.24 ,0.2,1.16E+07,4.04E+03,4.81E+04,1.17E+07,5.21E+04,945.57 ,-15.57 ,,,,,,,,,,,,,,,,,,
2020/7/2,Ohio,39,54166,1301,977.43 ,120,1.17 ,1.16 ,0.23 ,0.2,1.16E+07,4.20E+03,4.89E+04,1.17E+07,5.31E+04,961.14 ,-16.29 ,,,,,,,,,,,,,,,,,,
2020/7/3,Ohio,39,55257,1091,987.14 ,121,1.14 ,1.14 ,0.23 ,0.2,1.16E+07,4.33E+03,4.97E+04,1.17E+07,5.41E+04,977.43 ,-9.71 ,,,,,,,,,,,,,,,,,,
2020/7/4,Ohio,39,56183,926,1016.43 ,122,1.15 ,1.14 ,0.23 ,0.2,1.16E+07,4.45E+03,5.06E+04,1.17E+07,5.51E+04,987.14 ,-29.29 ,,,,,,,,,,,,,,,,,,
2020/7/5,Ohio,39,57151,968,1045.14 ,123,1.15 ,1.14 ,0.23 ,0.2,1.16E+07,4.58E+03,5.15E+04,1.17E+07,5.61E+04,1016.43 ,-28.71 ,,,,,,,,,,,,,,,,,,
2020/7/6,Ohio,39,57956,805,1023.57 ,124,1.09 ,1.09 ,0.22 ,0.2,1.16E+07,4.71E+03,5.24E+04,1.17E+07,5.71E+04,1045.14 ,21.57 ,,,,,,,,,,,,,,,,,,
2020/7/7,Ohio,39,58904,948,1085.57 ,125,1.14 ,1.13 ,0.23 ,0.2,1.16E+07,4.79E+03,5.33E+04,1.17E+07,5.81E+04,1023.57 ,-62.00 ,,,,,,,,,,,,,,,,,,
2020/7/8,Ohio,39,60181,1277,1147.29 ,126,1.17 ,1.17 ,0.23 ,0.2,1.16E+07,4.92E+03,5.43E+04,1.17E+07,5.92E+04,1085.57 ,-61.71 ,,,,,,,,,,,,,,,,,,
2020/7/9,Ohio,39,61331,1150,1205.86 ,127,1.19 ,1.19 ,0.24 ,0.2,1.16E+07,5.08E+03,5.53E+04,1.17E+07,6.04E+04,1147.29 ,-58.57 ,,,,,,,,,,,,,,,,,,
2020/7/10,Ohio,39,62856,1525,1271.00 ,128,1.21 ,1.21 ,0.24 ,0.2,1.16E+07,5.27E+03,5.63E+04,1.17E+07,6.16E+04,1205.86 ,-65.14 ,,,,,,,,,,,,,,,,,,
2020/7/11,Ohio,39,64214,1358,1298.71 ,129,1.19 ,1.18 ,0.24 ,0.2,1.16E+07,5.49E+03,5.74E+04,1.17E+07,6.28E+04,1271.00 ,-27.71 ,,,,,,,,,,,,,,,,,,
2020/7/12,Ohio,39,65592,1378,1304.29 ,130,1.15 ,1.15 ,0.23 ,0.2,1.16E+07,5.69E+03,5.85E+04,1.17E+07,6.41E+04,1298.71 ,-5.57 ,,,,,,,,,,,,,,,,,,
2020/7/13,Ohio,39,66853,1261,1324.29 ,131,1.14 ,1.13 ,0.23 ,0.2,1.16E+07,5.86E+03,5.96E+04,1.17E+07,6.54E+04,1304.29 ,-20.00 ,,,,,,,,,,,,,,,,,,
2020/7/14,Ohio,39,67995,1142,1346.29 ,132,1.13 ,1.12 ,0.23 ,0.2,1.16E+07,6.01E+03,6.08E+04,1.17E+07,6.68E+04,1324.29 ,-22.00 ,,,,,,,,,,,,,,,,,,
2020/7/15,Ohio,39,69311,1316,1372.57 ,133,1.12 ,1.12 ,0.22 ,0.2,1.16E+07,6.15E+03,6.20E+04,1.17E+07,6.81E+04,1346.29 ,-26.29 ,,,,,,,,,,,,,,,,,,
2020/7/16,Ohio,39,70601,1290,1334.29 ,134,1.07 ,1.06 ,0.21 ,0.2,1.16E+07,6.30E+03,6.32E+04,1.17E+07,6.95E+04,1372.57 ,38.29 ,,,,,,,,,,,,,,,,,,
2020/7/17,Ohio,39,72280,1679,1330.71 ,135,1.05 ,1.04 ,0.21 ,0.2,1.16E+07,6.37E+03,6.45E+04,1.17E+07,7.08E+04,1334.29 ,3.57 ,,,,,,,,,,,,,,,,,,
2020/7/18,Ohio,39,73822,1542,1317.14 ,136,1.03 ,1.02 ,0.21 ,0.2,1.16E+07,6.43E+03,6.57E+04,1.17E+07,7.22E+04,1330.71 ,13.57 ,,,,,,,,,,,,,,,,,,
2020/7/19,Ohio,39,74932,1110,1347.29 ,137,1.05 ,1.04 ,0.21 ,0.2,1.16E+07,6.46E+03,6.70E+04,1.17E+07,7.35E+04,1317.14 ,-30.14 ,,,,,,,,,,,,,,,,,,
2020/7/20,Ohio,39,76168,1236,1369.29 ,138,1.06 ,1.05 ,0.21 ,0.2,1.16E+07,6.51E+03,6.83E+04,1.17E+07,7.48E+04,1347.29 ,-22.00 ,,,,,,,,,,,,,,,,,,
2020/7/21,Ohio,39,77215,1047,1352.29 ,139,1.03 ,1.03 ,0.21 ,0.2,1.16E+07,6.58E+03,6.96E+04,1.17E+07,7.62E+04,1369.29 ,17.00 ,,,,,,,,,,,,,,,,,,
2020/7/22,Ohio,39,78742,1527,1337.43 ,140,1.02 ,1.01 ,0.20 ,0.2,1.16E+07,6.62E+03,7.09E+04,1.17E+07,7.75E+04,1352.29 ,14.86 ,,,,,,,,,,,,,,,,,,
2020/7/23,Ohio,39,80186,1444,1305.86 ,141,0.99 ,0.98 ,0.20 ,0.2,1.16E+07,6.63E+03,7.23E+04,1.17E+07,7.89E+04,1337.43 ,31.57 ,,,,,,,,,,,,,,,,,,
2020/7/24,Ohio,39,81746,1560,1287.00 ,142,0.98 ,0.97 ,0.20 ,0.2,1.16E+07,6.61E+03,7.36E+04,1.17E+07,8.02E+04,1305.86 ,18.86 ,,,,,,,,,,,,,,,,,,
2020/7/25,Ohio,39,83184,1438,1326.00 ,143,1.02 ,1.01 ,0.20 ,0.2,1.16E+07,6.58E+03,7.49E+04,1.17E+07,8.15E+04,1287.00 ,-39.00 ,,,,,,,,,,,,,,,,,,
2020/7/26,Ohio,39,84073,889,1307.29 ,144,1.00 ,0.99 ,0.20 ,0.2,1.16E+07,6.59E+03,7.62E+04,1.17E+07,8.28E+04,1326.00 ,18.71 ,,,,,,,,,,,,,,,,,,
2020/7/27,Ohio,39,85177,1104,1348.57 ,145,1.03 ,1.03 ,0.21 ,0.2,1.16E+07,6.58E+03,7.75E+04,1.17E+07,8.41E+04,1307.29 ,-41.29 ,,,,,,,,,,,,,,,,,,
2020/7/28,Ohio,39,86497,1320,1344.71 ,146,1.02 ,1.02 ,0.20 ,0.2,1.16E+07,6.61E+03,7.88E+04,1.17E+07,8.55E+04,1348.57 ,3.86 ,,,,,,,,,,,,,,,,,,
2020/7/29,Ohio,39,87893,1396,1271.86 ,147,0.97 ,0.96 ,0.19 ,0.2,1.16E+07,6.63E+03,8.02E+04,1.17E+07,8.68E+04,1344.71 ,72.86 ,,,,,,,,,,,,,,,,,,
2020/7/30,Ohio,39,89626,1733,1279.71 ,148,0.98 ,0.97 ,0.20 ,0.2,1.16E+07,6.58E+03,8.15E+04,1.17E+07,8.81E+04,1271.86 ,-7.86 ,,,,,,,,,,,,,,,,,,
2020/7/31,Ohio,39,91159,1533,1255.14 ,149,0.97 ,0.96 ,0.19 ,0.2,1.16E+07,6.54E+03,8.28E+04,1.17E+07,8.94E+04,1279.71 ,24.57 ,,,,,,,,,,,,,,,,,,
2020/8/1,Ohio,39,92087,928,1229.86 ,150,0.96 ,0.95 ,0.19 ,0.2,1.16E+07,6.49E+03,8.41E+04,1.17E+07,9.06E+04,1255.14 ,25.29 ,,,,,,,,,,,,,,,,,,
2020/8/2,Ohio,39,93031,944,1201.71 ,151,0.94 ,0.94 ,0.19 ,0.2,1.16E+07,6.42E+03,8.54E+04,1.17E+07,9.18E+04,1229.86 ,28.14 ,,,,,,,,,,,,,,,,,,
2020/8/3,Ohio,39,93963,932,1120.71 ,152,0.89 ,0.88 ,0.18 ,0.2,1.16E+07,6.34E+03,8.67E+04,1.17E+07,9.30E+04,1201.71 ,81.00 ,,,,,,,,,,,,,,,,,,
2020/8/4,Ohio,39,95106,1143,1073.71 ,153,0.87 ,0.87 ,0.17 ,0.2,1.16E+07,6.19E+03,8.80E+04,1.17E+07,9.42E+04,1120.71 ,47.00 ,,,,,,,,,,,,,,,,,,
2020/8/5,Ohio,39,96305,1199,1126.00 ,154,0.94 ,0.93 ,0.19 ,0.2,1.16E+07,6.03E+03,8.92E+04,1.17E+07,9.52E+04,1073.71 ,-52.29 ,,,,,,,,,,,,,,,,,,
2020/8/6,Ohio,39,97471,1166,1116.71 ,155,0.95 ,0.94 ,0.19 ,0.2,1.16E+07,5.95E+03,9.04E+04,1.17E+07,9.64E+04,1126.00 ,9.29 ,,,,,,,,,,,,,,,,,,
2020/8/7,Ohio,39,98675,1204,1109.71 ,156,0.95 ,0.94 ,0.19 ,0.2,1.16E+07,5.87E+03,9.16E+04,1.17E+07,9.75E+04,1116.71 ,7.00 ,,,,,,,,,,,,,,,,,,
2020/8/8,Ohio,39,99969,1294,1102.86 ,157,0.96 ,0.95 ,0.19 ,0.2,1.16E+07,5.81E+03,9.28E+04,1.17E+07,9.86E+04,1109.71 ,6.86 ,,,,,,,,,,,,,,,,,,
2020/8/9,Ohio,39,100848,879,1134.71 ,158,1.00 ,0.99 ,0.20 ,0.2,1.16E+07,5.75E+03,9.39E+04,1.17E+07,9.97E+04,1102.86 ,-31.86 ,,,,,,,,,,,,,,,,,,
2020/8/10,Ohio,39,101731,883,1136.43 ,159,1.00 ,0.99 ,0.20 ,0.2,1.16E+07,5.74E+03,9.51E+04,1.17E+07,1.01E+05,1134.71 ,-1.71 ,,,,,,,,,,,,,,,,,,
2020/8/11,Ohio,39,102826,1095,1126.00 ,160,0.99 ,0.98 ,0.20 ,0.2,1.16E+07,5.72E+03,9.62E+04,1.17E+07,1.02E+05,1136.43 ,10.43 ,,,,,,,,,,,,,,,,,,
2020/8/12,Ohio,39,104248,1422,1100.71 ,161,0.97 ,0.96 ,0.19 ,0.2,1.16E+07,5.71E+03,9.74E+04,1.17E+07,1.03E+05,1126.00 ,25.29 ,,,,,,,,,,,,,,,,,,
2020/8/13,Ohio,39,105426,1178,1062.71 ,162,0.95 ,0.94 ,0.19 ,0.2,1.16E+07,5.67E+03,9.85E+04,1.17E+07,1.04E+05,1100.71 ,38.00 ,,,,,,,,,,,,,,,,,,
2020/8/14,Ohio,39,106557,1131,1047.29 ,163,0.94 ,0.94 ,0.19 ,0.2,1.16E+07,5.59E+03,9.97E+04,1.17E+07,1.05E+05,1062.71 ,15.43 ,,,,,,,,,,,,,,,,,,
2020/8/15,Ohio,39,107674,1117,1013.86 ,164,0.93 ,0.92 ,0.19 ,0.2,1.16E+07,5.52E+03,1.01E+05,1.17E+07,1.06E+05,1047.29 ,33.43 ,,,,,,,,,,,,,,,,,,
2020/8/16,Ohio,39,108287,613,947.57 ,165,0.88 ,0.87 ,0.18 ,0.2,1.16E+07,5.43E+03,1.02E+05,1.17E+07,1.07E+05,1013.86 ,66.29 ,,,,,,,,,,,,,,,,,,
2020/8/17,Ohio,39,109062,775,939.57 ,166,0.90 ,0.89 ,0.18 ,0.2,1.16E+07,5.29E+03,1.03E+05,1.17E+07,1.08E+05,947.57 ,8.00 ,,,,,,,,,,,,,,,,,,
2020/8/18,Ohio,39,109923,861,927.00 ,167,0.90 ,0.90 ,0.18 ,0.2,1.16E+07,5.17E+03,1.04E+05,1.17E+07,1.09E+05,939.57 ,12.57 ,,,,,,,,,,,,,,,,,,
2020/8/19,Ohio,39,110881,958,927.29 ,168,0.92 ,0.92 ,0.18 ,0.2,1.16E+07,5.07E+03,1.05E+05,1.17E+07,1.10E+05,927.00 ,-0.29 ,,,,,,,,,,,,,,,,,,
2020/8/20,Ohio,39,112003,1122,930.71 ,169,0.94 ,0.93 ,0.19 ,0.2,1.16E+07,4.98E+03,1.06E+05,1.17E+07,1.11E+05,927.29 ,-3.43 ,,,,,,,,,,,,,,,,,,
2020/8/21,Ohio,39,113046,1043,941.29 ,170,0.97 ,0.96 ,0.19 ,0.2,1.16E+07,4.92E+03,1.07E+05,1.17E+07,1.12E+05,930.71 ,-10.57 ,,,,,,,,,,,,,,,,,,
2020/8/22,Ohio,39,114165,1119,938.86 ,171,0.97 ,0.96 ,0.19 ,0.2,1.16E+07,4.87E+03,1.08E+05,1.17E+07,1.13E+05,941.29 ,2.43 ,,,,,,,,,,,,,,,,,,
2020/8/23,Ohio,39,114802,637,957.57 ,172,1.00 ,0.99 ,0.20 ,0.2,1.16E+07,4.84E+03,1.09E+05,1.17E+07,1.14E+05,938.86 ,-18.71 ,,,,,,,,,,,,,,,,,,
2020/8/24,Ohio,39,115651,849,975.00 ,173,1.02 ,1.01 ,0.20 ,0.2,1.16E+07,4.83E+03,1.10E+05,1.17E+07,1.15E+05,957.57 ,-17.43 ,,,,,,,,,,,,,,,,,,
2020/8/25,Ohio,39,116495,844,1011.14 ,174,1.06 ,1.05 ,0.21 ,0.2,1.16E+07,4.84E+03,1.11E+05,1.17E+07,1.16E+05,975.00 ,-36.14 ,,,,,,,,,,,,,,,,,,
2020/8/26,Ohio,39,117584,1089,1025.00 ,175,1.06 ,1.05 ,0.21 ,0.2,1.16E+07,4.88E+03,1.12E+05,1.17E+07,1.17E+05,1011.14 ,-13.86 ,,,,,,,,,,,,,,,,,,
2020/8/27,Ohio,39,118828,1244,1065.71 ,176,1.09 ,1.08 ,0.22 ,0.2,1.16E+07,4.93E+03,1.13E+05,1.17E+07,1.18E+05,1025.00 ,-40.71 ,,,,,,,,,,,,,,,,,,
2020/8/28,Ohio,39,120124,1296,1072.29 ,177,1.08 ,1.07 ,0.22 ,0.2,1.16E+07,5.01E+03,1.14E+05,1.17E+07,1.19E+05,1065.71 ,-6.57 ,,,,,,,,,,,,,,,,,,
2020/8/29,Ohio,39,121340,1216,1159.29 ,178,1.15 ,1.14 ,0.23 ,0.2,1.16E+07,5.08E+03,1.15E+05,1.17E+07,1.20E+05,1072.29 ,-87.00 ,,,,,,,,,,,,,,,,,,
2020/8/30,Ohio,39,122262,922,1169.00 ,179,1.13 ,1.12 ,0.23 ,0.2,1.16E+07,5.22E+03,1.16E+05,1.17E+07,1.21E+05,1159.29 ,-9.71 ,,,,,,,,,,,,,,,,,,
2020/8/31,Ohio,39,123157,895,1183.43 ,180,1.12 ,1.11 ,0.22 ,0.2,1.16E+07,5.35E+03,1.17E+05,1.17E+07,1.22E+05,1169.00 ,-14.43 ,,,,,,,,,,,,,,,,,,
2020/9/1,Ohio,39,124610,1453,1188.57 ,181,1.10 ,1.09 ,0.22 ,0.2,1.16E+07,5.46E+03,1.18E+05,1.17E+07,1.23E+05,1183.43 ,-5.14 ,,,,,,,,,,,,,,,,,,
2020/9/2,Ohio,39,125767,1157,1206.43 ,182,1.10 ,1.09 ,0.22 ,0.2,1.16E+07,5.56E+03,1.19E+05,1.17E+07,1.25E+05,1188.57 ,-17.86 ,,,,,,,,,,,,,,,,,,
2020/9/3,Ohio,39,127112,1345,1185.14 ,183,1.06 ,1.05 ,0.21 ,0.2,1.16E+07,5.65E+03,1.20E+05,1.17E+07,1.26E+05,1206.43 ,21.29 ,,,,,,,,,,,,,,,,,,
2020/9/4,Ohio,39,128444,1332,1168.43 ,184,1.03 ,1.02 ,0.21 ,0.2,1.16E+07,5.71E+03,1.21E+05,1.17E+07,1.27E+05,1185.14 ,16.71 ,,,,,,,,,,,,,,,,,,
2020/9/5,Ohio,39,129785,1341,1054.57 ,185,0.93 ,0.92 ,0.19 ,0.2,1.16E+07,5.73E+03,1.22E+05,1.17E+07,1.28E+05,1168.43 ,113.86 ,,,,,,,,,,,,,,,,,,
2020/9/6,Ohio,39,130558,773,1028.29 ,186,0.92 ,0.91 ,0.18 ,0.2,1.16E+07,5.64E+03,1.24E+05,1.17E+07,1.29E+05,1054.57 ,26.29 ,,,,,,,,,,,,,,,,,,
2020/9/7,Ohio,39,131336,778,996.29 ,187,0.91 ,0.90 ,0.18 ,0.2,1.16E+07,5.54E+03,1.25E+05,1.17E+07,1.30E+05,1028.29 ,32.00 ,,,,,,,,,,,,,,,,,,
2020/9/8,Ohio,39,131992,656,983.14 ,188,0.92 ,0.91 ,0.18 ,0.2,1.16E+07,5.43E+03,1.26E+05,1.17E+07,1.31E+05,996.29 ,13.14 ,,,,,,,,,,,,,,,,,,
2020/9/9,Ohio,39,132965,973,969.00 ,189,0.92 ,0.91 ,0.18 ,0.2,1.16E+07,5.33E+03,1.27E+05,1.17E+07,1.32E+05,983.14 ,14.14 ,,,,,,,,,,,,,,,,,,
2020/9/10,Ohio,39,134086,1121,978.14 ,190,0.95 ,0.94 ,0.19 ,0.2,1.16E+07,5.23E+03,1.28E+05,1.17E+07,1.33E+05,969.00 ,-9.14 ,,,,,,,,,,,,,,,,,,
2020/9/11,Ohio,39,135326,1240,1021.14 ,191,1.00 ,0.99 ,0.20 ,0.2,1.16E+07,5.16E+03,1.29E+05,1.17E+07,1.34E+05,978.14 ,-43.00 ,,,,,,,,,,,,,,,,,,
2020/9/12,Ohio,39,136568,1242,1070.43 ,192,1.05 ,1.04 ,0.21 ,0.2,1.16E+07,5.15E+03,1.30E+05,1.17E+07,1.35E+05,1021.14 ,-49.29 ,,,,,,,,,,,,,,,,,,
2020/9/13,Ohio,39,137405,837,1079.00 ,193,1.05 ,1.04 ,0.21 ,0.2,1.16E+07,5.19E+03,1.31E+05,1.17E+07,1.36E+05,1070.43 ,-8.57 ,,,,,,,,,,,,,,,,,,
2020/9/14,Ohio,39,138484,1079,1071.29 ,194,1.04 ,1.02 ,0.21 ,0.2,1.16E+07,5.23E+03,1.32E+05,1.17E+07,1.37E+05,1079.00 ,7.71 ,,,,,,,,,,,,,,,,,,
2020/9/15,Ohio,39,139485,1001,1038.57 ,195,1.00 ,0.99 ,0.20 ,0.2,1.16E+07,5.26E+03,1.33E+05,1.17E+07,1.38E+05,1071.29 ,32.71 ,,,,,,,,,,,,,,,,,,
2020/9/16,Ohio,39,140518,1033,997.00 ,196,0.96 ,0.95 ,0.19 ,0.2,1.16E+07,5.24E+03,1.34E+05,1.17E+07,1.40E+05,1038.57 ,41.57 ,,,,,,,,,,,,,,,,,,
2020/9/17,Ohio,39,141585,1067,986.29 ,197,0.96 ,0.95 ,0.19 ,0.2,1.15E+07,5.19E+03,1.35E+05,1.17E+07,1.41E+05,997.00 ,10.71 ,,,,,,,,,,,,,,,,,,
2020/9/18,Ohio,39,142596,1011,954.43 ,198,0.94 ,0.93 ,0.19 ,0.2,1.15E+07,5.14E+03,1.36E+05,1.17E+07,1.42E+05,986.29 ,31.86 ,,,,,,,,,,,,,,,,,,
2020/9/19,Ohio,39,143547,951,909.29 ,199,0.91 ,0.90 ,0.18 ,0.2,1.15E+07,5.07E+03,1.37E+05,1.17E+07,1.42E+05,954.43 ,45.14 ,,,,,,,,,,,,,,,,,,
2020/9/20,Ohio,39,144309,762,890.71 ,200,0.91 ,0.90 ,0.18 ,0.2,1.15E+07,4.96E+03,1.38E+05,1.17E+07,1.43E+05,909.29 ,18.57 ,,,,,,,,,,,,,,,,,,
2020/9/21,Ohio,39,145165,856,879.86 ,201,0.92 ,0.91 ,0.18 ,0.2,1.15E+07,4.86E+03,1.39E+05,1.17E+07,1.44E+05,890.71 ,10.86 ,,,,,,,,,,,,,,,,,,
2020/9/22,Ohio,39,145850,685,899.71 ,202,0.96 ,0.94 ,0.19 ,0.2,1.15E+07,4.77E+03,1.40E+05,1.17E+07,1.45E+05,879.86 ,-19.86 ,,,,,,,,,,,,,,,,,,
2020/9/23,Ohio,39,146753,903,923.14 ,203,0.99 ,0.98 ,0.20 ,0.2,1.15E+07,4.71E+03,1.41E+05,1.17E+07,1.46E+05,899.71 ,-23.43 ,,,,,,,,,,,,,,,,,,
2020/9/24,Ohio,39,147744,991,928.57 ,204,1.00 ,0.99 ,0.20 ,0.2,1.15E+07,4.69E+03,1.42E+05,1.17E+07,1.47E+05,923.14 ,-5.43 ,,,,,,,,,,,,,,,,,,
2020/9/25,Ohio,39,148894,1150,948.14 ,205,1.03 ,1.01 ,0.21 ,0.2,1.15E+07,4.68E+03,1.43E+05,1.17E+07,1.48E+05,928.57 ,-19.57 ,,,,,,,,,,,,,,,,,,
2020/9/26,Ohio,39,150009,1115,1008.14 ,206,1.09 ,1.07 ,0.22 ,0.2,1.15E+07,4.70E+03,1.44E+05,1.17E+07,1.49E+05,948.14 ,-60.00 ,,,,,,,,,,,,,,,,,,
2020/9/27,Ohio,39,150809,800,1033.43 ,207,1.10 ,1.08 ,0.22 ,0.2,1.15E+07,4.76E+03,1.45E+05,1.17E+07,1.50E+05,1008.14 ,-25.29 ,,,,,,,,,,,,,,,,,,
2020/9/28,Ohio,39,151802,993,1081.43 ,208,1.13 ,1.12 ,0.23 ,0.2,1.15E+07,4.85E+03,1.46E+05,1.17E+07,1.51E+05,1033.43 ,-48.00 ,,,,,,,,,,,,,,,,,,
2020/9/29,Ohio,39,152907,1105,1130.71 ,209,1.16 ,1.14 ,0.23 ,0.2,1.15E+07,4.96E+03,1.47E+05,1.17E+07,1.52E+05,1081.43 ,-49.29 ,,,,,,,,,,,,,,,,,,
2020/9/30,Ohio,39,153987,1080,1136.71 ,210,1.13 ,1.12 ,0.23 ,0.2,1.15E+07,5.10E+03,1.48E+05,1.17E+07,1.53E+05,1130.71 ,-6.00 ,,,,,,,,,,,,,,,,,,
2020/10/1,Ohio,39,155314,1327,1156.86 ,211,1.12 ,1.11 ,0.22 ,0.2,1.15E+07,5.21E+03,1.49E+05,1.17E+07,1.54E+05,1136.71 ,-20.14 ,,,,,,,,,,,,,,,,,,
2020/10/2,Ohio,39,156809,1495,1166.00 ,212,1.11 ,1.09 ,0.22 ,0.2,1.15E+07,5.33E+03,1.50E+05,1.17E+07,1.55E+05,1156.86 ,-9.14 ,,,,,,,,,,,,,,,,,,
2020/10/3,Ohio,39,157966,1157,1198.86 ,213,1.12 ,1.10 ,0.22 ,0.2,1.15E+07,5.43E+03,1.51E+05,1.17E+07,1.57E+05,1166.00 ,-32.86 ,,,,,,,,,,,,,,,,,,
2020/10/4,Ohio,39,158907,941,1248.00 ,214,1.14 ,1.13 ,0.23 ,0.2,1.15E+07,5.54E+03,1.52E+05,1.17E+07,1.58E+05,1198.86 ,-49.14 ,,,,,,,,,,,,,,,,,,
2020/10/5,Ohio,39,159964,1057,1278.29 ,215,1.14 ,1.12 ,0.23 ,0.2,1.15E+07,5.68E+03,1.53E+05,1.17E+07,1.59E+05,1248.00 ,-30.29 ,,,,,,,,,,,,,,,,,,
2020/10/6,Ohio,39,161299,1335,1327.57 ,216,1.16 ,1.14 ,0.23 ,0.2,1.15E+07,5.82E+03,1.54E+05,1.17E+07,1.60E+05,1278.29 ,-49.29 ,,,,,,,,,,,,,,,,,,
2020/10/7,Ohio,39,162723,1424,1356.00 ,217,1.15 ,1.13 ,0.23 ,0.2,1.15E+07,5.99E+03,1.56E+05,1.17E+07,1.62E+05,1327.57 ,-28.43 ,,,,,,,,,,,,,,,,,,
2020/10/8,Ohio,39,164262,1539,1406.00 ,218,1.16 ,1.14 ,0.23 ,0.2,1.15E+07,6.15E+03,1.57E+05,1.17E+07,1.63E+05,1356.00 ,-50.00 ,,,,,,,,,,,,,,,,,,
2020/10/9,Ohio,39,166102,1840,1459.29 ,219,1.17 ,1.15 ,0.23 ,0.2,1.15E+07,6.32E+03,1.58E+05,1.17E+07,1.64E+05,1406.00 ,-53.29 ,,,,,,,,,,,,,,,,,,
2020/10/10,Ohio,39,167458,1356,1475.29 ,220,1.15 ,1.13 ,0.23 ,0.2,1.15E+07,6.52E+03,1.59E+05,1.17E+07,1.66E+05,1459.29 ,-16.00 ,,,,,,,,,,,,,,,,,,
2020/10/11,Ohio,39,168749,1291,1563.14 ,221,1.19 ,1.17 ,0.24 ,0.2,1.15E+07,6.69E+03,1.61E+05,1.17E+07,1.67E+05,1475.29 ,-87.86 ,,,,,,,,,,,,,,,,,,
2020/10/12,Ohio,39,170179,1430,1654.43 ,222,1.21 ,1.20 ,0.24 ,0.2,1.15E+07,6.91E+03,1.62E+05,1.17E+07,1.69E+05,1563.14 ,-91.29 ,,,,,,,,,,,,,,,,,,
2020/10/13,Ohio,39,171626,1447,1698.43 ,223,1.20 ,1.18 ,0.24 ,0.2,1.15E+07,7.19E+03,1.63E+05,1.17E+07,1.71E+05,1654.43 ,-44.00 ,,,,,,,,,,,,,,,,,,
2020/10/14,Ohio,39,173665,2039,1823.86 ,224,1.24 ,1.22 ,0.25 ,0.2,1.15E+07,7.45E+03,1.65E+05,1.17E+07,1.72E+05,1698.43 ,-125.43 ,,,,,,,,,,,,,,,,,,
2020/10/15,Ohio,39,175843,2178,1862.57 ,225,1.21 ,1.20 ,0.24 ,0.2,1.15E+07,7.78E+03,1.66E+05,1.17E+07,1.74E+05,1823.86 ,-38.71 ,,,,,,,,,,,,,,,,,,
2020/10/16,Ohio,39,177991,2148,1920.71 ,226,1.21 ,1.19 ,0.24 ,0.2,1.15E+07,8.09E+03,1.68E+05,1.17E+07,1.76E+05,1862.57 ,-58.14 ,,,,,,,,,,,,,,,,,,
2020/10/17,Ohio,39,180225,2234,2001.86 ,227,1.21 ,1.19 ,0.24 ,0.2,1.15E+07,8.39E+03,1.69E+05,1.17E+07,1.78E+05,1920.71 ,-81.14 ,,,,,,,,,,,,,,,,,,
2020/10/18,Ohio,39,181787,1562,2048.57 ,228,1.19 ,1.18 ,0.24 ,0.2,1.15E+07,8.71E+03,1.71E+05,1.17E+07,1.80E+05,2001.86 ,-46.71 ,,,,,,,,,,,,,,,,,,
2020/10/19,Ohio,39,183624,1837,2083.86 ,229,1.17 ,1.16 ,0.23 ,0.2,1.15E+07,9.02E+03,1.73E+05,1.17E+07,1.82E+05,2048.57 ,-35.29 ,,,,,,,,,,,,,,,,,,
2020/10/20,Ohio,39,185639,2015,2136.71 ,230,1.17 ,1.15 ,0.23 ,0.2,1.15E+07,9.30E+03,1.75E+05,1.17E+07,1.84E+05,2083.86 ,-52.86 ,,,,,,,,,,,,,,,,,,
2020/10/21,Ohio,39,188005,2366,2225.86 ,231,1.18 ,1.16 ,0.24 ,0.2,1.15E+07,9.58E+03,1.77E+05,1.17E+07,1.86E+05,2136.71 ,-89.14 ,,,,,,,,,,,,,,,,,,
2020/10/22,Ohio,39,190430,2425,2332.57 ,232,1.20 ,1.18 ,0.24 ,0.2,1.15E+07,9.89E+03,1.78E+05,1.17E+07,1.88E+05,2225.86 ,-106.71 ,,,,,,,,,,,,,,,,,,
2020/10/23,Ohio,39,192948,2518,2372.43 ,233,1.18 ,1.16 ,0.24 ,0.2,1.15E+07,1.02E+04,1.80E+05,1.17E+07,1.91E+05,2332.57 ,-39.86 ,,,,,,,,,,,,,,,,,,
2020/10/24,Ohio,39,195806,2858,2443.00 ,234,1.18 ,1.16 ,0.24 ,0.2,1.15E+07,1.06E+04,1.82E+05,1.17E+07,1.93E+05,2372.43 ,-70.57 ,,,,,,,,,,,,,,,,,,
2020/10/25,Ohio,39,198115,2309,2477.43 ,235,1.16 ,1.14 ,0.23 ,0.2,1.15E+07,1.09E+04,1.85E+05,1.17E+07,1.95E+05,2443.00 ,-34.43 ,,,,,,,,,,,,,,,,,,
2020/10/26,Ohio,39,200231,2116,2643.86 ,236,1.20 ,1.18 ,0.24 ,0.2,1.15E+07,1.12E+04,1.87E+05,1.17E+07,1.98E+05,2477.43 ,-166.43 ,,,,,,,,,,,,,,,,,,
2020/10/27,Ohio,39,202740,2509,2833.43 ,237,1.24 ,1.22 ,0.25 ,0.2,1.15E+07,1.16E+04,1.89E+05,1.17E+07,2.01E+05,2643.86 ,-189.57 ,,,,,,,,,,,,,,,,,,
2020/10/28,Ohio,39,205347,2607,2841.57 ,238,1.19 ,1.17 ,0.24 ,0.2,1.15E+07,1.21E+04,1.91E+05,1.17E+07,2.03E+05,2833.43 ,-8.14 ,,,,,,,,,,,,,,,,,,
2020/10/29,Ohio,39,208937,3590,2983.57 ,239,1.21 ,1.19 ,0.24 ,0.2,1.15E+07,1.25E+04,1.94E+05,1.17E+07,2.06E+05,2841.57 ,-142.00 ,,,,,,,,,,,,,,,,,,
2020/10/30,Ohio,39,212782,3845,3096.86 ,240,1.21 ,1.19 ,0.24 ,0.2,1.15E+07,1.30E+04,1.96E+05,1.17E+07,2.09E+05,2983.57 ,-113.29 ,,,,,,,,,,,,,,,,,,
2020/10/31,Ohio,39,215697,2915,3342.57 ,241,1.26 ,1.24 ,0.25 ,0.2,1.15E+07,1.35E+04,1.99E+05,1.17E+07,2.12E+05,3096.86 ,-245.71 ,,,,,,,,,,,,,,,,,,
2020/11/1,Ohio,39,219000,3303,3551.71 ,242,1.28 ,1.26 ,0.26 ,0.2,1.15E+07,1.41E+04,2.02E+05,1.17E+07,2.16E+05,3342.57 ,-209.14 ,,,,,,,,,,,,,,,,,,
2020/11/2,Ohio,39,221909,2909,3747.57 ,243,1.28 ,1.26 ,0.26 ,0.2,1.15E+07,1.49E+04,2.04E+05,1.17E+07,2.19E+05,3551.71 ,-195.86 ,,,,,,,,,,,,,,,,,,
2020/11/3,Ohio,39,226138,4229,3913.71 ,244,1.28 ,1.25 ,0.26 ,0.2,1.15E+07,1.56E+04,2.07E+05,1.17E+07,2.23E+05,3747.57 ,-166.14 ,,,,,,,,,,,,,,,,,,
2020/11/4,Ohio,39,230209,4071,4290.00 ,245,1.33 ,1.31 ,0.27 ,0.2,1.15E+07,1.64E+04,2.10E+05,1.17E+07,2.27E+05,3913.71 ,-376.29 ,,,,,,,,,,,,,,,,,,
2020/11/5,Ohio,39,235170,4961,4466.86 ,246,1.31 ,1.28 ,0.26 ,0.2,1.15E+07,1.74E+04,2.14E+05,1.17E+07,2.31E+05,4290.00 ,-176.86 ,,,,,,,,,,,,,,,,,,
2020/11/6,Ohio,39,240178,5008,4723.57 ,247,1.31 ,1.28 ,0.26 ,0.2,1.15E+07,1.84E+04,2.17E+05,1.17E+07,2.36E+05,4466.86 ,-256.71 ,,,,,,,,,,,,,,,,,,
2020/11/7,Ohio,39,245727,5549,5049.14 ,248,1.32 ,1.30 ,0.26 ,0.2,1.14E+07,1.95E+04,2.21E+05,1.17E+07,2.40E+05,4723.57 ,-325.57 ,,,,,,,,,,,,,,,,,,
2020/11/8,Ohio,39,250268,4541,5306.71 ,249,1.31 ,1.29 ,0.26 ,0.2,1.14E+07,2.06E+04,2.25E+05,1.17E+07,2.45E+05,5049.14 ,-257.57 ,,,,,,,,,,,,,,,,,,
2020/11/9,Ohio,39,254974,4706,5612.43 ,250,1.32 ,1.29 ,0.26 ,0.2,1.14E+07,2.18E+04,2.29E+05,1.17E+07,2.51E+05,5306.71 ,-305.71 ,,,,,,,,,,,,,,,,,,
2020/11/10,Ohio,39,261482,6508,6050.00 ,251,1.34 ,1.31 ,0.27 ,0.2,1.14E+07,2.30E+04,2.33E+05,1.17E+07,2.56E+05,5612.43 ,-437.57 ,,,,,,,,,,,,,,,,,,
2020/11/11,Ohio,39,267356,5874,6359.43 ,252,1.33 ,1.30 ,0.27 ,0.2,1.14E+07,2.45E+04,2.38E+05,1.17E+07,2.62E+05,6050.00 ,-309.43 ,,,,,,,,,,,,,,,,,,
2020/11/12,Ohio,39,274457,7101,6832.57 ,253,1.35 ,1.32 ,0.27 ,0.2,1.14E+07,2.60E+04,2.43E+05,1.17E+07,2.69E+05,6359.43 ,-473.14 ,,,,,,,,,,,,,,,,,,
2020/11/13,Ohio,39,282528,8071,7198.57 ,254,1.34 ,1.30 ,0.27 ,0.2,1.14E+07,2.76E+04,2.48E+05,1.17E+07,2.76E+05,6832.57 ,-366.00 ,,,,,,,,,,,,,,,,,,
2020/11/14,Ohio,39,290243,7715,7280.14 ,255,1.27 ,1.24 ,0.25 ,0.2,1.14E+07,2.93E+04,2.54E+05,1.17E+07,2.83E+05,7198.57 ,-81.57 ,,,,,,,,,,,,,,,,,,
2020/11/15,Ohio,39,298096,7853,7353.14 ,256,1.23 ,1.20 ,0.25 ,0.2,1.14E+07,3.07E+04,2.59E+05,1.17E+07,2.90E+05,7280.14 ,-73.00 ,,,,,,,,,,,,,,,,,,
2020/11/16,Ohio,39,305364,7268,7451.14 ,257,1.20 ,1.17 ,0.24 ,0.2,1.14E+07,3.19E+04,2.66E+05,1.17E+07,2.97E+05,7353.14 ,-98.00 ,,,,,,,,,,,,,,,,,,
2020/11/17,Ohio,39,312443,7079,7556.43 ,258,1.18 ,1.15 ,0.24 ,0.2,1.14E+07,3.30E+04,2.72E+05,1.17E+07,3.05E+05,7451.14 ,-105.29 ,,,,,,,,,,,,,,,,,,
2020/11/18,Ohio,39,318828,6385,7577.57 ,259,1.15 ,1.12 ,0.23 ,0.2,1.14E+07,3.39E+04,2.78E+05,1.17E+07,3.12E+05,7556.43 ,-21.14 ,,,,,,,,,,,,,,,,,,
2020/11/19,Ohio,39,326615,7787,7617.57 ,260,1.13 ,1.10 ,0.23 ,0.2,1.14E+07,3.47E+04,2.85E+05,1.17E+07,3.20E+05,7577.57 ,-40.00 ,,,,,,,,,,,,,,,,,,
2020/11/20,Ohio,39,335423,8808,8277.14 ,261,1.20 ,1.17 ,0.24 ,0.2,1.14E+07,3.54E+04,2.92E+05,1.17E+07,3.28E+05,7617.57 ,-659.57 ,,,,,,,,,,,,,,,,,,
2020/11/21,Ohio,39,343286,7863,8495.00 ,262,1.19 ,1.16 ,0.24 ,0.2,1.14E+07,3.66E+04,2.99E+05,1.17E+07,3.36E+05,8277.14 ,-217.86 ,,,,,,,,,,,,,,,,,,
2020/11/22,Ohio,39,351419,8133,9130.71 ,263,1.25 ,1.21 ,0.25 ,0.2,1.13E+07,3.78E+04,3.07E+05,1.17E+07,3.44E+05,8495.00 ,-635.71 ,,,,,,,,,,,,,,,,,,
2020/11/23,Ohio,39,363304,11885,8018.29 ,264,1.05 ,1.02 ,0.21 ,0.2,1.13E+07,3.93E+04,3.14E+05,1.17E+07,3.54E+05,9130.71 ,1112.43 ,,,,,,,,,,,,,,,,,,
2020/11/24,Ohio,39,371908,8604,9197.86 ,265,1.20 ,1.16 ,0.24 ,0.2,1.13E+07,3.95E+04,3.22E+05,1.17E+07,3.62E+05,8018.29 ,-1179.57 ,,,,,,,,,,,,,,,,,,
2020/11/25,Ohio,39,382743,10835,9059.57 ,266,1.15 ,1.11 ,0.23 ,0.2,1.13E+07,4.08E+04,3.30E+05,1.17E+07,3.71E+05,9197.86 ,138.29 ,,,,,,,,,,,,,,,,,,
2020/11/26,Ohio,39,382743,0,9001.86 ,267,1.12 ,1.08 ,0.22 ,0.2,1.13E+07,4.17E+04,3.38E+05,1.17E+07,3.80E+05,9059.57 ,57.71 ,,,,,,,,,,,,,,,,,,
2020/11/27,Ohio,39,399808,17065,8251.29 ,268,1.01 ,0.97 ,0.20 ,0.2,1.13E+07,4.24E+04,3.46E+05,1.17E+07,3.89E+05,9001.86 ,750.57 ,,,,,,,,,,,,,,,,,,
2020/11/28,Ohio,39,406703,6895,8312.14 ,269,1.02 ,0.99 ,0.20 ,0.2,1.13E+07,4.21E+04,3.55E+05,1.17E+07,3.97E+05,8251.29 ,-60.86 ,,,,,,,,,,,,,,,,,,
2020/11/29,Ohio,39,414432,7729,7883.57 ,270,0.97 ,0.94 ,0.19 ,0.2,1.13E+07,4.20E+04,3.63E+05,1.17E+07,4.05E+05,8312.14 ,428.57 ,,,,,,,,,,,,,,,,,,
2020/11/30,Ohio,39,421063,6631,9159.43 ,271,1.14 ,1.10 ,0.23 ,0.2,1.13E+07,4.15E+04,3.72E+05,1.17E+07,4.13E+05,7883.57 ,-1275.86 ,,,,,,,,,,,,,,,,,,
2020/12/1,Ohio,39,430093,9030,8165.00 ,272,1.00 ,0.96 ,0.20 ,0.2,1.13E+07,4.24E+04,3.80E+05,1.17E+07,4.22E+05,9159.43 ,994.43 ,,,,,,,,,,,,,,,,,,
2020/12/2,Ohio,39,437928,7835,8675.57 ,273,1.07 ,1.03 ,0.21 ,0.2,1.13E+07,4.21E+04,3.89E+05,1.17E+07,4.31E+05,8165.00 ,-510.57 ,,,,,,,,,,,,,,,,,,
2020/12/3,Ohio,39,446859,8931,8656.00 ,274,1.06 ,1.02 ,0.21 ,0.2,1.13E+07,4.23E+04,3.97E+05,1.17E+07,4.39E+05,8675.57 ,19.57 ,,,,,,,,,,,,,,,,,,
2020/12/4,Ohio,39,456963,10104,9033.43 ,275,1.10 ,1.06 ,0.22 ,0.2,1.12E+07,4.25E+04,4.05E+05,1.17E+07,4.48E+05,8656.00 ,-377.43 ,,,,,,,,,,,,,,,,,,
2020/12/5,Ohio,39,467432,10469,11417.86 ,276,1.38 ,1.33 ,0.28 ,0.2,1.12E+07,4.30E+04,4.14E+05,1.17E+07,4.57E+05,9033.43 ,-2384.43 ,,,,,,,,,,,,,,,,,,
2020/12/6,Ohio,39,475024,7592,11740.57 ,277,1.33 ,1.28 ,0.27 ,0.2,1.12E+07,4.59E+04,4.23E+05,1.17E+07,4.68E+05,11417.86 ,-322.71 ,,,,,,,,,,,,,,,,,,
2020/12/7,Ohio,39,484297,9273,12141.57 ,278,1.31 ,1.25 ,0.26 ,0.2,1.12E+07,4.84E+04,4.32E+05,1.17E+07,4.80E+05,11740.57 ,-401.00 ,,,,,,,,,,,,,,,,,,
2020/12/8,Ohio,39,510018,25721,12178.00 ,279,1.25 ,1.20 ,0.25 ,0.2,1.12E+07,5.09E+04,4.41E+05,1.17E+07,4.92E+05,12141.57 ,-36.43 ,,,,,,,,,,,,,,,,,,
2020/12/9,Ohio,39,520112,10094,12289.86 ,280,1.21 ,1.16 ,0.24 ,0.2,1.12E+07,5.29E+04,4.52E+05,1.17E+07,5.04E+05,12178.00 ,-111.86 ,,,,,,,,,,,,,,,,,,
2020/12/10,Ohio,39,531850,11738,12529.00 ,281,1.20 ,1.15 ,0.24 ,0.2,1.12E+07,5.46E+04,4.62E+05,1.17E+07,5.17E+05,12289.86 ,-239.14 ,,,,,,,,,,,,,,,,,,
2020/12/11,Ohio,39,542209,10359,12329.29 ,282,1.15 ,1.10 ,0.23 ,0.2,1.12E+07,5.62E+04,4.73E+05,1.17E+07,5.29E+05,12529.00 ,199.71 ,,,,,,,,,,,,,,,,,,
2020/12/12,Ohio,39,553461,11252,9905.57 ,283,0.91 ,0.86 ,0.18 ,0.2,1.11E+07,5.73E+04,4.84E+05,1.17E+07,5.42E+05,12329.29 ,2423.71 ,,,,,,,,,,,,,,,,,,
2020/12/13,Ohio,39,562727,9266,9236.29 ,284,0.87 ,0.83 ,0.17 ,0.2,1.11E+07,5.57E+04,4.96E+05,1.17E+07,5.51E+05,9905.57 ,669.29 ,,,,,,,,,,,,,,,,,,
2020/12/14,Ohio,39,570602,7875,9189.71 ,285,0.90 ,0.85 ,0.18 ,0.2,1.11E+07,5.38E+04,5.07E+05,1.17E+07,5.61E+05,9236.29 ,46.57 ,,,,,,,,,,,,,,,,,,
2020/12/15,Ohio,39,579357,8755,9093.29 ,286,0.91 ,0.87 ,0.18 ,0.2,1.11E+07,5.23E+04,5.18E+05,1.17E+07,5.70E+05,9189.71 ,96.43 ,,,,,,,,,,,,,,,,,,
2020/12/16,Ohio,39,584766,5409,8709.71 ,287,0.90 ,0.86 ,0.18 ,0.2,1.11E+07,5.09E+04,5.28E+05,1.17E+07,5.79E+05,9093.29 ,383.57 ,,,,,,,,,,,,,,,,,,
2020/12/17,Ohio,39,596178,11412,8582.71 ,288,0.91 ,0.87 ,0.18 ,0.2,1.11E+07,4.94E+04,5.38E+05,1.17E+07,5.88E+05,8709.71 ,127.00 ,,,,,,,,,,,,,,,,,,
2020/12/18,Ohio,39,605862,9684,8393.14 ,289,0.92 ,0.87 ,0.18 ,0.2,1.11E+07,4.81E+04,5.48E+05,1.17E+07,5.96E+05,8582.71 ,189.57 ,,,,,,,,,,,,,,,,,,
2020/12/19,Ohio,39,614429,8567,8239.29 ,290,0.93 ,0.88 ,0.19 ,0.2,1.11E+07,4.69E+04,5.58E+05,1.17E+07,6.05E+05,8393.14 ,153.86 ,,,,,,,,,,,,,,,,,,
2020/12/20,Ohio,39,622806,8377,8579.43 ,291,0.99 ,0.94 ,0.20 ,0.2,1.11E+07,4.58E+04,5.67E+05,1.17E+07,6.13E+05,8239.29 ,-340.14 ,,,,,,,,,,,,,,,,,,
2020/12/21,Ohio,39,629354,6548,8210.29 ,292,0.96 ,0.91 ,0.19 ,0.2,1.11E+07,4.52E+04,5.76E+05,1.17E+07,6.21E+05,8579.43 ,369.14 ,,,,,,,,,,,,,,,,,,
2020/12/22,Ohio,39,637032,7678,6826.86 ,293,0.81 ,0.77 ,0.16 ,0.2,1.11E+07,4.44E+04,5.85E+05,1.17E+07,6.30E+05,8210.29 ,1383.43 ,,,,,,,,,,,,,,,,,,
2020/12/23,Ohio,39,644822,7790,7177.00 ,294,0.90 ,0.85 ,0.18 ,0.2,1.11E+07,4.23E+04,5.94E+05,1.17E+07,6.37E+05,6826.86 ,-350.14 ,,,,,,,,,,,,,,,,,,
2020/12/24,Ohio,39,653650,8828,6817.00 ,295,0.88 ,0.83 ,0.18 ,0.2,1.10E+07,4.10E+04,6.03E+05,1.17E+07,6.44E+05,7177.00 ,360.00 ,,,,,,,,,,,,,,,,,,
2020/12/25,Ohio,39,653650,0,6527.14 ,296,0.87 ,0.82 ,0.17 ,0.2,1.10E+07,3.96E+04,6.11E+05,1.17E+07,6.51E+05,6817.00 ,289.86 ,,,,,,,,,,,,,,,,,,
2020/12/26,Ohio,39,664668,11018,6505.43 ,297,0.90 ,0.85 ,0.18 ,0.2,1.10E+07,3.82E+04,6.19E+05,1.17E+07,6.57E+05,6527.14 ,21.71 ,,,,,,,,,,,,,,,,,,
2020/12/27,Ohio,39,670525,5857,6560.86 ,298,0.94 ,0.88 ,0.19 ,0.2,1.10E+07,3.71E+04,6.26E+05,1.17E+07,6.64E+05,6505.43 ,-55.43 ,,,,,,,,,,,,,,,,,,
2020/12/28,Ohio,39,675044,4519,6675.71 ,299,0.98 ,0.92 ,0.20 ,0.2,1.10E+07,3.62E+04,6.34E+05,1.17E+07,6.70E+05,6560.86 ,-114.86 ,,,,,,,,,,,,,,,,,,
2020/12/29,Ohio,39,682570,7526,6675.71 ,300,0.99 ,0.94 ,0.20 ,0.2,1.10E+07,3.57E+04,6.41E+05,1.17E+07,6.77E+05,6675.71 ,0.00 ,,,,,,,,,,,,,,,,,,
2020/12/30,Ohio,39,690748,8178,7143.57 ,301,1.08 ,1.01 ,0.22 ,0.2,1.10E+07,3.52E+04,6.48E+05,1.17E+07,6.83E+05,6675.71 ,-467.86 ,,,,,,,,,,,,,,,,,,
2020/12/31,Ohio,39,700380,9632,7279.43 ,302,1.10 ,1.03 ,0.22 ,0.2,1.10E+07,3.53E+04,6.55E+05,1.17E+07,6.91E+05,7143.57 ,-135.86 ,,,,,,,,,,,,,,,,,,
2021/1/1,Ohio,39,700380,0,7482.71 ,303,1.12 ,1.05 ,0.22 ,0.2,1.10E+07,3.55E+04,6.62E+05,1.17E+07,6.98E+05,7279.43 ,-203.29 ,,,,,,,,,,,,,,,,,,
2021/1/2,Ohio,39,714673,14293,7490.43 ,304,1.11 ,1.04 ,0.22 ,0.2,1.10E+07,3.59E+04,6.69E+05,1.17E+07,7.05E+05,7482.71 ,-7.71 ,,,,,,,,,,,,,,,,,,
2021/1/3,Ohio,39,721481,6808,7438.43 ,305,1.09 ,1.03 ,0.22 ,0.2,1.10E+07,3.62E+04,6.77E+05,1.17E+07,7.13E+05,7490.43 ,52.00 ,,,,,,,,,,,,,,,,,,
2021/1/4,Ohio,39,727423,5942,7526.86 ,306,1.10 ,1.03 ,0.22 ,0.2,1.10E+07,3.64E+04,6.84E+05,1.17E+07,7.20E+05,7438.43 ,-88.43 ,,,,,,,,,,,,,,,,,,
2021/1/5,Ohio,39,735003,7580,8889.00 ,307,1.29 ,1.21 ,0.26 ,0.2,1.10E+07,3.67E+04,6.91E+05,1.17E+07,7.28E+05,7526.86 ,-1362.14 ,,,,,,,,,,,,,,,,,,
2021/1/6,Ohio,39,742817,7814,8043.43 ,308,1.12 ,1.05 ,0.22 ,0.2,1.10E+07,3.82E+04,6.99E+05,1.17E+07,7.37E+05,8889.00 ,845.57 ,,,,,,,,,,,,,,,,,,
2021/1/7,Ohio,39,753068,10251,7940.57 ,309,1.10 ,1.03 ,0.22 ,0.2,1.09E+07,3.86E+04,7.06E+05,1.17E+07,7.45E+05,8043.43 ,102.86 ,,,,,,,,,,,,,,,,,,
2021/1/8,Ohio,39,762603,9535,8219.14 ,310,1.13 ,1.06 ,0.23 ,0.2,1.09E+07,3.88E+04,7.14E+05,1.17E+07,7.53E+05,7940.57 ,-278.57 ,,,,,,,,,,,,,,,,,,
2021/1/9,Ohio,39,770977,8374,8276.43 ,311,1.13 ,1.05 ,0.23 ,0.2,1.09E+07,3.93E+04,7.22E+05,1.17E+07,7.61E+05,8219.14 ,-57.29 ,,,,,,,,,,,,,,,,,,
2021/1/10,Ohio,39,777065,6088,8117.43 ,312,1.09 ,1.02 ,0.22 ,0.2,1.09E+07,3.97E+04,7.29E+05,1.17E+07,7.69E+05,8276.43 ,159.00 ,,,,,,,,,,,,,,,,,,
2021/1/11,Ohio,39,784957,7892,7746.43 ,313,1.04 ,0.97 ,0.21 ,0.2,1.09E+07,3.99E+04,7.37E+05,1.17E+07,7.77E+05,8117.43 ,371.00 ,,,,,,,,,,,,,,,,,,
2021/1/12,Ohio,39,792938,7981,7405.57 ,314,1.00 ,0.93 ,0.20 ,0.2,1.09E+07,3.97E+04,7.45E+05,1.17E+07,7.85E+05,7746.43 ,340.86 ,,,,,,,,,,,,,,,,,,
2021/1/13,Ohio,39,799639,6701,7218.57 ,315,0.99 ,0.92 ,0.20 ,0.2,1.09E+07,3.91E+04,7.53E+05,1.17E+07,7.92E+05,7405.57 ,187.00 ,,,,,,,,,,,,,,,,,,
2021/1/14,Ohio,39,807293,7654,7098.43 ,316,0.99 ,0.92 ,0.20 ,0.2,1.09E+07,3.85E+04,7.61E+05,1.17E+07,8.00E+05,7218.57 ,120.14 ,,,,,,,,,,,,,,,,,,
2021/1/15,Ohio,39,814442,7149,6587.00 ,317,0.93 ,0.87 ,0.19 ,0.2,1.09E+07,3.79E+04,7.69E+05,1.17E+07,8.07E+05,7098.43 ,511.43 ,,,,,,,,,,,,,,,,,,
2021/1/16,Ohio,39,821507,7065,6159.57 ,318,0.90 ,0.83 ,0.18 ,0.2,1.09E+07,3.69E+04,7.76E+05,1.17E+07,8.13E+05,6587.00 ,427.43 ,,,,,,,,,,,,,,,,,,
2021/1/17,Ohio,39,826754,5247,6113.43 ,319,0.92 ,0.86 ,0.18 ,0.2,1.09E+07,3.57E+04,7.84E+05,1.17E+07,8.20E+05,6159.57 ,46.14 ,,,,,,,,,,,,,,,,,,
2021/1/18,Ohio,39,831066,4312,6058.71 ,320,0.94 ,0.87 ,0.19 ,0.2,1.09E+07,3.47E+04,7.91E+05,1.17E+07,8.26E+05,6113.43 ,54.71 ,,,,,,,,,,,,,,,,,,
2021/1/19,Ohio,39,836055,4989,5648.57 ,321,0.90 ,0.84 ,0.18 ,0.2,1.09E+07,3.38E+04,7.98E+05,1.17E+07,8.32E+05,6058.71 ,410.14 ,,,,,,,,,,,,,,,,,,
2021/1/20,Ohio,39,842433,6378,5476.29 ,322,0.90 ,0.84 ,0.18 ,0.2,1.09E+07,3.27E+04,8.05E+05,1.17E+07,8.37E+05,5648.57 ,172.29 ,,,,,,,,,,,,,,,,,,
2021/1/21,Ohio,39,849704,7271,5366.86 ,323,0.91 ,0.85 ,0.18 ,0.2,1.08E+07,3.16E+04,8.11E+05,1.17E+07,8.43E+05,5476.29 ,109.43 ,,,,,,,,,,,,,,,,,,
2021/1/22,Ohio,39,853982,4278,5370.00 ,324,0.94 ,0.88 ,0.19 ,0.2,1.08E+07,3.07E+04,8.18E+05,1.17E+07,8.48E+05,5366.86 ,-3.14 ,,,,,,,,,,,,,,,,,,
2021/1/23,Ohio,39,859841,5859,5266.14 ,325,0.95 ,0.88 ,0.19 ,0.2,1.08E+07,2.99E+04,8.24E+05,1.17E+07,8.54E+05,5370.00 ,103.86 ,,,,,,,,,,,,,,,,,,
2021/1/24,Ohio,39,864322,4481,5121.57 ,326,0.95 ,0.88 ,0.19 ,0.2,1.08E+07,2.92E+04,8.30E+05,1.17E+07,8.59E+05,5266.14 ,144.57 ,,,,,,,,,,,,,,,,,,
2021/1/25,Ohio,39,868656,4334,4858.86 ,327,0.92 ,0.85 ,0.18 ,0.2,1.08E+07,2.85E+04,8.35E+05,1.17E+07,8.64E+05,5121.57 ,262.71 ,,,,,,,,,,,,,,,,,,
2021/1/26,Ohio,39,872918,4262,4944.14 ,328,0.97 ,0.89 ,0.19 ,0.2,1.08E+07,2.76E+04,8.41E+05,1.17E+07,8.69E+05,4858.86 ,-85.29 ,,,,,,,,,,,,,,,,,,
2021/1/27,Ohio,39,878284,5366,4705.71 ,329,0.94 ,0.87 ,0.19 ,0.2,1.08E+07,2.71E+04,8.47E+05,1.17E+07,8.74E+05,4944.14 ,238.43 ,,,,,,,,,,,,,,,,,,
2021/1/28,Ohio,39,883716,5432,4495.71 ,330,0.92 ,0.85 ,0.18 ,0.2,1.08E+07,2.63E+04,8.52E+05,1.17E+07,8.78E+05,4705.71 ,210.00 ,,,,,,,,,,,,,,,,,,
2021/1/29,Ohio,39,888591,4875,4346.14 ,331,0.92 ,0.85 ,0.18 ,0.2,1.08E+07,2.56E+04,8.57E+05,1.17E+07,8.83E+05,4495.71 ,149.57 ,,,,,,,,,,,,,,,,,,
2021/1/30,Ohio,39,892781,4190,4259.71 ,332,0.93 ,0.86 ,0.19 ,0.2,1.08E+07,2.48E+04,8.63E+05,1.17E+07,8.87E+05,4346.14 ,86.43 ,,,,,,,,,,,,,,,,,,
2021/1/31,Ohio,39,895792,3011,4063.29 ,333,0.91 ,0.84 ,0.18 ,0.2,1.08E+07,2.41E+04,8.67E+05,1.17E+07,8.92E+05,4259.71 ,196.43 ,,,,,,,,,,,,,,,,,,
2021/2/1,Ohio,39,899079,3287,3875.86 ,334,0.90 ,0.83 ,0.18 ,0.2,1.08E+07,2.33E+04,8.72E+05,1.17E+07,8.96E+05,4063.29 ,187.43 ,,,,,,,,,,,,,,,,,,
2021/2/2,Ohio,39,902736,3657,3705.57 ,335,0.89 ,0.82 ,0.18 ,0.2,1.08E+07,2.26E+04,8.77E+05,1.17E+07,9.00E+05,3875.86 ,170.29 ,,,,,,,,,,,,,,,,,,
2021/2/3,Ohio,39,906727,3991,3614.00 ,336,0.90 ,0.83 ,0.18 ,0.2,1.08E+07,2.17E+04,8.81E+05,1.17E+07,9.03E+05,3705.57 ,91.57 ,,,,,,,,,,,,,,,,,,
2021/2/4,Ohio,39,910847,4120,3489.29 ,337,0.90 ,0.83 ,0.18 ,0.2,1.08E+07,2.10E+04,8.86E+05,1.17E+07,9.07E+05,3614.00 ,124.71 ,,,,,,,,,,,,,,,,,,
2021/2/5,Ohio,39,914530,3683,3294.86 ,338,0.88 ,0.81 ,0.18 ,0.2,1.08E+07,2.03E+04,8.90E+05,1.17E+07,9.10E+05,3489.29 ,194.43 ,,,,,,,,,,,,,,,,,,
2021/2/6,Ohio,39,918079,3549,3230.57 ,339,0.90 ,0.83 ,0.18 ,0.2,1.08E+07,1.95E+04,8.94E+05,1.17E+07,9.14E+05,3294.86 ,64.29 ,,,,,,,,,,,,,,,,,,
2021/2/7,Ohio,39,920217,2138,3129.14 ,340,0.90 ,0.83 ,0.18 ,0.2,1.08E+07,1.89E+04,8.98E+05,1.17E+07,9.17E+05,3230.57 ,101.43 ,,,,,,,,,,,,,,,,,,
2021/2/8,Ohio,39,922143,1926,2941.43 ,341,0.88 ,0.81 ,0.18 ,0.2,1.08E+07,1.82E+04,9.02E+05,1.17E+07,9.20E+05,3129.14 ,187.71 ,,,,,,,,,,,,,,,,,,
2021/2/9,Ohio,39,925350,3207,2887.43 ,342,0.89 ,0.82 ,0.18 ,0.2,1.08E+07,1.75E+04,9.05E+05,1.17E+07,9.23E+05,2941.43 ,54.00 ,,,,,,,,,,,,,,,,,,
2021/2/10,Ohio,39,928631,3281,2780.29 ,343,0.89 ,0.82 ,0.18 ,0.2,1.08E+07,1.69E+04,9.09E+05,1.17E+07,9.26E+05,2887.43 ,107.14 ,,,,,,,,,,,,,,,,,,
2021/2/11,Ohio,39,931437,2806,2733.29 ,344,0.91 ,0.84 ,0.18 ,0.2,1.08E+07,1.63E+04,9.12E+05,1.17E+07,9.29E+05,2780.29 ,47.00 ,,,,,,,,,,,,,,,,,,
2021/2/12,Ohio,39,934742,3305,2731.71 ,345,0.94 ,0.87 ,0.19 ,0.2,1.08E+07,1.58E+04,9.16E+05,1.17E+07,9.31E+05,2733.29 ,1.57 ,,,,,,,,,,,,,,,,,,
2021/2/13,Ohio,39,937541,2799,2563.00 ,346,0.91 ,0.83 ,0.18 ,0.2,1.08E+07,1.53E+04,9.19E+05,1.17E+07,9.34E+05,2731.71 ,168.71 ,,,,,,,,,,,,,,,,,,
2021/2/14,Ohio,39,939350,1809,2353.71 ,347,0.86 ,0.79 ,0.17 ,0.2,1.08E+07,1.48E+04,9.22E+05,1.17E+07,9.37E+05,2563.00 ,209.29 ,,,,,,,,,,,,,,,,,,
2021/2/15,Ohio,39,941265,1915,2278.86 ,348,0.87 ,0.80 ,0.17 ,0.2,1.08E+07,1.42E+04,9.25E+05,1.17E+07,9.39E+05,2353.71 ,74.86 ,,,,,,,,,,,,,,,,,,
2021/2/16,Ohio,39,943291,2026,2136.14 ,349,0.85 ,0.78 ,0.17 ,0.2,1.07E+07,1.37E+04,9.28E+05,1.17E+07,9.41E+05,2278.86 ,142.71 ,,,,,,,,,,,,,,,,,,
2021/2/17,Ohio,39,945107,1816,2109.29 ,350,0.88 ,0.81 ,0.18 ,0.2,1.07E+07,1.31E+04,9.30E+05,1.17E+07,9.43E+05,2136.14 ,26.86 ,,,,,,,,,,,,,,,,,,
2021/2/18,Ohio,39,947389,2282,2059.57 ,351,0.89 ,0.82 ,0.18 ,0.2,1.07E+07,1.26E+04,9.33E+05,1.17E+07,9.45E+05,2109.29 ,49.71 ,,,,,,,,,,,,,,,,,,
2021/2/19,Ohio,39,949695,2306,2016.14 ,352,0.91 ,0.83 ,0.18 ,0.2,1.07E+07,1.21E+04,9.35E+05,1.17E+07,9.48E+05,2059.57 ,43.43 ,,,,,,,,,,,,,,,,,,
2021/2/20,Ohio,39,952306,2611,2123.14 ,353,0.99 ,0.91 ,0.20 ,0.2,1.07E+07,1.17E+04,9.38E+05,1.17E+07,9.50E+05,2016.14 ,-107.00 ,,,,,,,,,,,,,,,,,,
2021/2/21,Ohio,39,953767,1461,2126.86 ,354,1.01 ,0.93 ,0.20 ,0.2,1.07E+07,1.15E+04,9.40E+05,1.17E+07,9.52E+05,2123.14 ,-3.71 ,,,,,,,,,,,,,,,,,,
2021/2/22,Ohio,39,955378,1611,2145.00 ,355,1.03 ,0.95 ,0.21 ,0.2,1.07E+07,1.13E+04,9.42E+05,1.17E+07,9.54E+05,2126.86 ,-18.14 ,,,,,,,,,,,,,,,,,,
2021/2/23,Ohio,39,958153,2775,2097.86 ,356,1.02 ,0.94 ,0.20 ,0.2,1.07E+07,1.12E+04,9.45E+05,1.17E+07,9.56E+05,2145.00 ,47.14 ,,,,,,,,,,,,,,,,,,
2021/2/24,Ohio,39,959995,1842,1978.29 ,357,0.97 ,0.89 ,0.19 ,0.2,1.07E+07,1.11E+04,9.47E+05,1.17E+07,9.58E+05,2097.86 ,119.57 ,,,,,,,,,,,,,,,,,,
2021/2/25,Ohio,39,962404,2409,1950.71 ,358,0.98 ,0.90 ,0.20 ,0.2,1.07E+07,1.08E+04,9.49E+05,1.17E+07,9.60E+05,1978.29 ,27.57 ,,,,,,,,,,,,,,,,,,
2021/2/26,Ohio,39,964380,1976,1928.00 ,359,0.99 ,0.91 ,0.20 ,0.2,1.07E+07,1.06E+04,9.51E+05,1.17E+07,9.62E+05,1950.71 ,22.71 ,,,,,,,,,,,,,,,,,,
2021/2/27,Ohio,39,966154,1774,1775.71 ,360,0.93 ,0.85 ,0.19 ,0.2,1.07E+07,1.04E+04,9.53E+05,1.17E+07,9.64E+05,1928.00 ,152.29 ,,,,,,,,,,,,,,,,,,
2021/2/28,Ohio,39,967422,1268,1801.43 ,361,0.97 ,0.89 ,0.19 ,0.2,1.07E+07,1.01E+04,9.56E+05,1.17E+07,9.66E+05,1775.71 ,-25.71 ,,,,,,,,,,,,,,,,,,
2021/3/1,Ohio,39,968874,1452,1725.14 ,362,0.95 ,0.87 ,0.19 ,0.2,1.07E+07,9.89E+03,9.58E+05,1.17E+07,9.67E+05,1801.43 ,76.29 ,,,,,,,,,,,,,,,,,,
2021/3/2,Ohio,39,970583,1709,1692.86 ,363,0.96 ,0.88 ,0.19 ,0.2,1.07E+07,9.64E+03,9.60E+05,1.17E+07,9.69E+05,1725.14 ,32.29 ,,,,,,,,,,,,,,,,,,
2021/3/3,Ohio,39,972605,2022,1654.86 ,364,0.96 ,0.88 ,0.19 ,0.2,1.07E+07,9.40E+03,9.62E+05,1.17E+07,9.71E+05,1692.86 ,38.00 ,,,,,,,,,,,,,,,,,,
2021/3/4,Ohio,39,974480,1875,1578.43 ,365,0.94 ,0.86 ,0.19 ,0.2,1.07E+07,9.18E+03,9.63E+05,1.17E+07,9.73E+05,1654.86 ,76.43 ,,,,,,,,,,,,,,,,,,
2021/3/5,Ohio,39,976230,1750,1550.29 ,366,0.95 ,0.87 ,0.19 ,0.2,1.07E+07,8.92E+03,9.65E+05,1.17E+07,9.74E+05,1578.43 ,28.14 ,,,,,,,,,,,,,,,,,,
2021/3/6,Ohio,39,977738,1508,1576.57 ,367,0.99 ,0.91 ,0.20 ,0.2,1.07E+07,8.69E+03,9.67E+05,1.17E+07,9.76E+05,1550.29 ,-26.29 ,,,,,,,,,,,,,,,,,,
2021/3/7,Ohio,39,978471,733,1554.57 ,368,0.99 ,0.91 ,0.20 ,0.2,1.07E+07,8.52E+03,9.69E+05,1.17E+07,9.77E+05,1576.57 ,22.00 ,,,,,,,,,,,,,,,,,,
2021/3/8,Ohio,39,979726,1255,1493.43 ,369,0.97 ,0.89 ,0.19 ,0.2,1.07E+07,8.37E+03,9.70E+05,1.17E+07,9.79E+05,1554.57 ,61.14 ,,,,,,,,,,,,,,,,,,
2021/3/9,Ohio,39,981619,1893,1501.43 ,370,1.00 ,0.92 ,0.20 ,0.2,1.07E+07,8.19E+03,9.72E+05,1.17E+07,9.80E+05,1493.43 ,-8.00 ,,,,,,,,,,,,,,,,,,
2021/3/10,Ohio,39,983487,1868,1508.57 ,371,1.02 ,0.94 ,0.20 ,0.2,1.07E+07,8.06E+03,9.74E+05,1.17E+07,9.82E+05,1501.43 ,-7.14 ,,,,,,,,,,,,,,,,,,
2021/3/11,Ohio,39,984934,1447,1531.43 ,372,1.05 ,0.96 ,0.21 ,0.2,1.07E+07,7.95E+03,9.75E+05,1.17E+07,9.83E+05,1508.57 ,-22.86 ,,,,,,,,,,,,,,,,,,
2021/3/12,Ohio,39,986740,1806,1516.29 ,373,1.05 ,0.96 ,0.21 ,0.2,1.07E+07,7.89E+03,9.77E+05,1.17E+07,9.85E+05,1531.43 ,15.14 ,,,,,,,,,,,,,,,,,,
2021/3/13,Ohio,39,988298,1558,1514.86 ,374,1.06 ,0.97 ,0.21 ,0.2,1.07E+07,7.83E+03,9.79E+05,1.17E+07,9.86E+05,1516.29 ,1.43 ,,,,,,,,,,,,,,,,,,
2021/3/14,Ohio,39,989191,893,1456.29 ,375,1.02 ,0.94 ,0.20 ,0.2,1.07E+07,7.78E+03,9.80E+05,1.17E+07,9.88E+05,1514.86 ,58.57 ,,,,,,,,,,,,,,,,,,
2021/3/15,Ohio,39,990340,1149,1550.14 ,376,1.10 ,1.01 ,0.22 ,0.2,1.07E+07,7.68E+03,9.82E+05,1.17E+07,9.89E+05,1456.29 ,-93.86 ,,,,,,,,,,,,,,,,,,
2021/3/16,Ohio,39,992223,1883,1513.71 ,377,1.07 ,0.98 ,0.21 ,0.2,1.07E+07,7.69E+03,9.83E+05,1.17E+07,9.91E+05,1550.14 ,36.43 ,,,,,,,,,,,,,,,,,,
2021/3/17,Ohio,39,993681,1458,1503.00 ,378,1.07 ,0.98 ,0.21 ,0.2,1.07E+07,7.67E+03,9.85E+05,1.17E+07,9.92E+05,1513.71 ,10.71 ,,,,,,,,,,,,,,,,,,
2021/3/18,Ohio,39,995785,2104,1508.57 ,379,1.08 ,0.99 ,0.22 ,0.2,1.07E+07,7.64E+03,9.86E+05,1.17E+07,9.94E+05,1503.00 ,-5.57 ,,,,,,,,,,,,,,,,,,
2021/3/19,Ohio,39,997336,1551,1550.71 ,380,1.11 ,1.02 ,0.22 ,0.2,1.07E+07,7.62E+03,9.88E+05,1.17E+07,9.95E+05,1508.57 ,-42.14 ,,,,,,,,,,,,,,,,,,
2021/3/20,Ohio,39,998819,1483,1514.14 ,381,1.08 ,0.99 ,0.22 ,0.2,1.07E+07,7.65E+03,9.89E+05,1.17E+07,9.97E+05,1550.71 ,36.57 ,,,,,,,,,,,,,,,,,,
2021/3/21,Ohio,39,999751,932,1569.86 ,382,1.12 ,1.03 ,0.22 ,0.2,1.07E+07,7.63E+03,9.91E+05,1.17E+07,9.98E+05,1514.14 ,-55.71 ,,,,,,,,,,,,,,,,,,
2021/3/22,Ohio,39,1001195,1444,1483.71 ,383,1.06 ,0.97 ,0.21 ,0.2,1.07E+07,7.67E+03,9.92E+05,1.17E+07,1.00E+06,1569.86 ,86.14 ,,,,,,,,,,,,,,,,,,
2021/3/23,Ohio,39,1002822,1627,1653.86 ,384,1.19 ,1.08 ,0.24 ,0.2,1.07E+07,7.62E+03,9.94E+05,1.17E+07,1.00E+06,1483.71 ,-170.14 ,,,,,,,,,,,,,,,,,,
2021/3/24,Ohio,39,1004670,1848,1683.43 ,385,1.19 ,1.09 ,0.24 ,0.2,1.07E+07,7.75E+03,9.95E+05,1.17E+07,1.00E+06,1653.86 ,-29.57 ,,,,,,,,,,,,,,,,,,
2021/3/25,Ohio,39,1006171,1501,1695.86 ,386,1.18 ,1.08 ,0.24 ,0.2,1.07E+07,7.89E+03,9.97E+05,1.17E+07,1.00E+06,1683.43 ,-12.43 ,,,,,,,,,,,,,,,,,,
2021/3/26,Ohio,39,1008913,2742,1703.43 ,387,1.16 ,1.06 ,0.23 ,0.2,1.07E+07,8.00E+03,9.99E+05,1.17E+07,1.01E+06,1695.86 ,-7.57 ,,,,,,,,,,,,,,,,,,
2021/3/27,Ohio,39,1010603,1690,1822.14 ,388,1.23 ,1.12 ,0.25 ,0.2,1.07E+07,8.11E+03,1.00E+06,1.17E+07,1.01E+06,1703.43 ,-118.71 ,,,,,,,,,,,,,,,,,,
2021/3/28,Ohio,39,1011622,1019,1842.29 ,389,1.21 ,1.11 ,0.24 ,0.2,1.07E+07,8.31E+03,1.00E+06,1.17E+07,1.01E+06,1822.14 ,-20.14 ,,,,,,,,,,,,,,,,,,
2021/3/29,Ohio,39,1013119,1497,1981.43 ,390,1.28 ,1.17 ,0.26 ,0.2,1.07E+07,8.49E+03,1.00E+06,1.17E+07,1.01E+06,1842.29 ,-139.14 ,,,,,,,,,,,,,,,,,,
2021/3/30,Ohio,39,1015577,2458,1829.29 ,391,1.14 ,1.04 ,0.23 ,0.2,1.07E+07,8.77E+03,1.01E+06,1.17E+07,1.01E+06,1981.43 ,152.14 ,,,,,,,,,,,,,,,,,,
2021/3/31,Ohio,39,1017566,1989,1915.43 ,392,1.19 ,1.08 ,0.24 ,0.2,1.07E+07,8.85E+03,1.01E+06,1.17E+07,1.02E+06,1829.29 ,-86.14 ,,,,,,,,,,,,,,,,,,
2021/4/1,Ohio,39,1020041,2475,1769.86 ,393,1.08 ,0.98 ,0.22 ,0.2,1.07E+07,8.99E+03,1.01E+06,1.17E+07,1.02E+06,1915.43 ,145.57 ,,,,,,,,,,,,,,,,,,
2021/4/2,Ohio,39,1021718,1677,1972.86 ,394,1.21 ,1.10 ,0.24 ,0.2,1.07E+07,8.96E+03,1.01E+06,1.17E+07,1.02E+06,1769.86 ,-203.00 ,,,,,,,,,,,,,,,,,,
2021/4/3,Ohio,39,1024011,2293,1889.00 ,395,1.13 ,1.03 ,0.23 ,0.2,1.07E+07,9.14E+03,1.01E+06,1.17E+07,1.02E+06,1972.86 ,83.86 ,,,,,,,,,,,,,,,,,,
2021/4/4,Ohio,39,1024011,0,1899.71 ,396,1.13 ,1.03 ,0.23 ,0.2,1.07E+07,9.20E+03,1.01E+06,1.17E+07,1.02E+06,1889.00 ,-10.71 ,,,,,,,,,,,,,,,,,,
2021/4/5,Ohio,39,1026929,2918,1937.86 ,397,1.15 ,1.05 ,0.23 ,0.2,1.07E+07,9.26E+03,1.02E+06,1.17E+07,1.03E+06,1899.71 ,-38.14 ,,,,,,,,,,,,,,,,,,
2021/4/6,Ohio,39,1028800,1871,1976.29 ,398,1.16 ,1.06 ,0.23 ,0.2,1.07E+07,9.35E+03,1.02E+06,1.17E+07,1.03E+06,1937.86 ,-38.43 ,,,,,,,,,,,,,,,,,,
2021/4/7,Ohio,39,1030864,2064,1941.29 ,399,1.13 ,1.03 ,0.23 ,0.2,1.07E+07,9.46E+03,1.02E+06,1.17E+07,1.03E+06,1976.29 ,35.00 ,,,,,,,,,,,,,,,,,,
2021/4/8,Ohio,39,1033606,2742,2206.29 ,400,1.27 ,1.16 ,0.25 ,0.2,1.07E+07,9.51E+03,1.02E+06,1.17E+07,1.03E+06,1941.29 ,-265.00 ,,,,,,,,,,,,,,,,,,
2021/4/9,Ohio,39,1035552,1946,2065.71 ,401,1.15 ,1.05 ,0.23 ,0.2,1.07E+07,9.81E+03,1.02E+06,1.17E+07,1.03E+06,2206.29 ,140.57 ,,,,,,,,,,,,,,,,,,
2021/4/10,Ohio,39,1037600,2048,2132.71 ,402,1.18 ,1.08 ,0.24 ,0.2,1.07E+07,9.91E+03,1.03E+06,1.17E+07,1.04E+06,2065.71 ,-67.00 ,,,,,,,,,,,,,,,,,,
2021/4/11,Ohio,39,1039455,1855,2154.43 ,403,1.17 ,1.07 ,0.23 ,0.2,1.07E+07,1.01E+04,1.03E+06,1.17E+07,1.04E+06,2132.71 ,-21.71 ,,,,,,,,,,,,,,,,,,
2021/4/12,Ohio,39,1041389,1934,2071.86 ,404,1.11 ,1.02 ,0.22 ,0.2,1.07E+07,1.02E+04,1.03E+06,1.17E+07,1.04E+06,2154.43 ,82.57 ,,,,,,,,,,,,,,,,,,
2021/4/13,Ohio,39,1043729,2340,2080.00 ,405,1.12 ,1.02 ,0.22 ,0.2,1.06E+07,1.02E+04,1.03E+06,1.17E+07,1.04E+06,2071.86 ,-8.14 ,,,,,,,,,,,,,,,,,,
2021/4/14,Ohio,39,1045945,2216,2071.29 ,406,1.11 ,1.01 ,0.22 ,0.2,1.06E+07,1.03E+04,1.03E+06,1.17E+07,1.04E+06,2080.00 ,8.71 ,,,,,,,,,,,,,,,,,,
2021/4/15,Ohio,39,1048109,2164,1960.00 ,407,1.05 ,0.95 ,0.21 ,0.2,1.06E+07,1.03E+04,1.04E+06,1.17E+07,1.05E+06,2071.29 ,111.29 ,,,,,,,,,,,,,,,,,,
2021/4/16,Ohio,39,1050112,2003,1916.86 ,408,1.03 ,0.94 ,0.21 ,0.2,1.06E+07,1.02E+04,1.04E+06,1.17E+07,1.05E+06,1960.00 ,43.14 ,,,,,,,,,,,,,,,,,,
2021/4/17,Ohio,39,1052099,1987,1839.57 ,409,1.00 ,0.91 ,0.20 ,0.2,1.06E+07,1.01E+04,1.04E+06,1.17E+07,1.05E+06,1916.86 ,77.29 ,,,,,,,,,,,,,,,,,,
2021/4/18,Ohio,39,1053175,1076,1778.57 ,410,0.99 ,0.90 ,0.20 ,0.2,1.06E+07,9.89E+03,1.04E+06,1.17E+07,1.05E+06,1839.57 ,61.00 ,,,,,,,,,,,,,,,,,,
2021/4/19,Ohio,39,1054807,1632,1715.71 ,411,0.97 ,0.88 ,0.19 ,0.2,1.06E+07,9.69E+03,1.04E+06,1.17E+07,1.05E+06,1778.57 ,62.86 ,,,,,,,,,,,,,,,,,,
2021/4/20,Ohio,39,1056606,1799,1685.00 ,412,0.98 ,0.89 ,0.20 ,0.2,1.06E+07,9.47E+03,1.05E+06,1.17E+07,1.06E+06,1715.71 ,30.71 ,,,,,,,,,,,,,,,,,,
2021/4/21,Ohio,39,1058395,1789,1619.14 ,413,0.96 ,0.87 ,0.19 ,0.2,1.06E+07,9.26E+03,1.05E+06,1.17E+07,1.06E+06,1685.00 ,65.86 ,,,,,,,,,,,,,,,,,,
2021/4/22,Ohio,39,1060119,1724,1590.14 ,414,0.97 ,0.88 ,0.19 ,0.2,1.06E+07,9.03E+03,1.05E+06,1.17E+07,1.06E+06,1619.14 ,29.00 ,,,,,,,,,,,,,,,,,,
2021/4/23,Ohio,39,1061907,1788,1556.43 ,415,0.97 ,0.88 ,0.19 ,0.2,1.06E+07,8.81E+03,1.05E+06,1.17E+07,1.06E+06,1590.14 ,33.71 ,,,,,,,,,,,,,,,,,,
2021/4/24,Ohio,39,1063433,1526,1522.29 ,416,0.97 ,0.88 ,0.19 ,0.2,1.06E+07,8.61E+03,1.05E+06,1.17E+07,1.06E+06,1556.43 ,34.14 ,,,,,,,,,,,,,,,,,,
2021/4/25,Ohio,39,1064306,873,1512.86 ,417,0.99 ,0.90 ,0.20 ,0.2,1.06E+07,8.41E+03,1.05E+06,1.17E+07,1.06E+06,1522.29 ,9.43 ,,,,,,,,,,,,,,,,,,
2021/4/26,Ohio,39,1065702,1396,1521.71 ,418,1.02 ,0.92 ,0.20 ,0.2,1.06E+07,8.24E+03,1.06E+06,1.17E+07,1.06E+06,1512.86 ,-8.86 ,,,,,,,,,,,,,,,,,,
2021/4/27,Ohio,39,1067262,1560,1486.43 ,419,1.01 ,0.92 ,0.20 ,0.2,1.06E+07,8.11E+03,1.06E+06,1.17E+07,1.07E+06,1521.71 ,35.29 ,,,,,,,,,,,,,,,,,,
2021/4/28,Ohio,39,1068985,1723,1512.29 ,420,1.04 ,0.95 ,0.21 ,0.2,1.06E+07,7.98E+03,1.06E+06,1.17E+07,1.07E+06,1486.43 ,-25.86 ,,,,,,,,,,,,,,,,,,
2021/4/29,Ohio,39,1070771,1786,1528.29 ,421,1.07 ,0.97 ,0.21 ,0.2,1.06E+07,7.89E+03,1.06E+06,1.17E+07,1.07E+06,1512.29 ,-16.00 ,,,,,,,,,,,,,,,,,,
2021/4/30,Ohio,39,1072312,1541,1471.00 ,422,1.03 ,0.94 ,0.21 ,0.2,1.06E+07,7.84E+03,1.06E+06,1.17E+07,1.07E+06,1528.29 ,57.29 ,,,,,,,,,,,,,,,,,,
2021/5/1,Ohio,39,1074019,1707,1431.71 ,423,1.02 ,0.92 ,0.20 ,0.2,1.06E+07,7.75E+03,1.06E+06,1.17E+07,1.07E+06,1471.00 ,39.29 ,,,,,,,,,,,,,,,,,,
2021/5/2,Ohio,39,1075004,985,1392.71 ,424,1.01 ,0.91 ,0.20 ,0.2,1.06E+07,7.63E+03,1.07E+06,1.17E+07,1.07E+06,1431.71 ,39.00 ,,,,,,,,,,,,,,,,,,
2021/5/3,Ohio,39,1075999,995,1335.71 ,425,0.98 ,0.89 ,0.20 ,0.2,1.06E+07,7.50E+03,1.07E+06,1.17E+07,1.07E+06,1392.71 ,57.00 ,,,,,,,,,,,,,,,,,,
2021/5/4,Ohio,39,1077284,1285,1315.14 ,426,0.99 ,0.90 ,0.20 ,0.2,1.06E+07,7.33E+03,1.07E+06,1.17E+07,1.08E+06,1335.71 ,20.57 ,,,,,,,,,,,,,,,,,,
2021/5/5,Ohio,39,1078734,1450,1256.57 ,427,0.96 ,0.87 ,0.19 ,0.2,1.06E+07,7.18E+03,1.07E+06,1.17E+07,1.08E+06,1315.14 ,58.57 ,,,,,,,,,,,,,,,,,,
2021/5/6,Ohio,39,1080121,1387,1229.29 ,428,0.97 ,0.88 ,0.19 ,0.2,1.06E+07,7.00E+03,1.07E+06,1.17E+07,1.08E+06,1256.57 ,27.29 ,,,,,,,,,,,,,,,,,,
2021/5/7,Ohio,39,1081518,1397,1189.00 ,429,0.96 ,0.87 ,0.19 ,0.2,1.06E+07,6.83E+03,1.07E+06,1.17E+07,1.08E+06,1229.29 ,40.29 ,,,,,,,,,,,,,,,,,,
2021/5/8,Ohio,39,1082815,1297,1207.00 ,430,1.00 ,0.91 ,0.20 ,0.2,1.06E+07,6.65E+03,1.07E+06,1.17E+07,1.08E+06,1189.00 ,-18.00 ,,,,,,,,,,,,,,,,,,
2021/5/9,Ohio,39,1083609,794,1206.86 ,431,1.02 ,0.92 ,0.20 ,0.2,1.06E+07,6.53E+03,1.08E+06,1.17E+07,1.08E+06,1207.00 ,0.14 ,,,,,,,,,,,,,,,,,,
2021/5/10,Ohio,39,1084322,713,1174.57 ,432,1.01 ,0.91 ,0.20 ,0.2,1.06E+07,6.43E+03,1.08E+06,1.17E+07,1.08E+06,1206.86 ,32.29 ,,,,,,,,,,,,,,,,,,
2021/5/11,Ohio,39,1085733,1411,1119.86 ,433,0.98 ,0.89 ,0.20 ,0.2,1.06E+07,6.32E+03,1.08E+06,1.17E+07,1.08E+06,1174.57 ,54.71 ,,,,,,,,,,,,,,,,,,
2021/5/12,Ohio,39,1087182,1449,1065.86 ,434,0.95 ,0.86 ,0.19 ,0.2,1.06E+07,6.18E+03,1.08E+06,1.17E+07,1.09E+06,1119.86 ,54.00 ,,,,,,,,,,,,,,,,,,
2021/5/13,Ohio,39,1088343,1161,1040.71 ,435,0.96 ,0.87 ,0.19 ,0.2,1.06E+07,6.01E+03,1.08E+06,1.17E+07,1.09E+06,1065.86 ,25.14 ,,,,,,,,,,,,,,,,,,
2021/5/14,Ohio,39,1089357,1014,1043.00 ,436,0.98 ,0.89 ,0.20 ,0.2,1.06E+07,5.85E+03,1.08E+06,1.17E+07,1.09E+06,1040.71 ,-2.29 ,,,,,,,,,,,,,,,,,,
2021/5/15,Ohio,39,1090276,919,983.29 ,437,0.95 ,0.86 ,0.19 ,0.2,1.06E+07,5.72E+03,1.08E+06,1.17E+07,1.09E+06,1043.00 ,59.71 ,,,,,,,,,,,,,,,,,,
2021/5/16,Ohio,39,1090894,618,907.43 ,438,0.90 ,0.82 ,0.18 ,0.2,1.06E+07,5.56E+03,1.08E+06,1.17E+07,1.09E+06,983.29 ,75.86 ,,,,,,,,,,,,,,,,,,
2021/5/17,Ohio,39,1091623,729,914.14 ,439,0.94 ,0.85 ,0.19 ,0.2,1.06E+07,5.35E+03,1.09E+06,1.17E+07,1.09E+06,907.43 ,-6.71 ,,,,,,,,,,,,,,,,,,
2021/5/18,Ohio,39,1092616,993,912.71 ,440,0.97 ,0.88 ,0.19 ,0.2,1.06E+07,5.20E+03,1.09E+06,1.17E+07,1.09E+06,914.14 ,1.43 ,,,,,,,,,,,,,,,,,,
2021/5/19,Ohio,39,1093534,918,905.86 ,441,0.99 ,0.89 ,0.20 ,0.2,1.06E+07,5.07E+03,1.09E+06,1.17E+07,1.09E+06,912.71 ,6.86 ,,,,,,,,,,,,,,,,,,
2021/5/20,Ohio,39,1094742,1208,915.14 ,442,1.02 ,0.92 ,0.20 ,0.2,1.06E+07,4.96E+03,1.09E+06,1.17E+07,1.09E+06,905.86 ,-9.29 ,,,,,,,,,,,,,,,,,,
2021/5/21,Ohio,39,1095746,1004,892.00 ,443,1.01 ,0.91 ,0.20 ,0.2,1.06E+07,4.89E+03,1.09E+06,1.17E+07,1.09E+06,915.14 ,23.14 ,,,,,,,,,,,,,,,,,,
2021/5/22,Ohio,39,1096617,871,854.00 ,444,0.98 ,0.89 ,0.20 ,0.2,1.06E+07,4.80E+03,1.09E+06,1.17E+07,1.10E+06,892.00 ,38.00 ,,,,,,,,,,,,,,,,,,
2021/5/23,Ohio,39,1097300,683,863.71 ,445,1.02 ,0.92 ,0.20 ,0.2,1.06E+07,4.69E+03,1.09E+06,1.17E+07,1.10E+06,854.00 ,-9.71 ,,,,,,,,,,,,,,,,,,
2021/5/24,Ohio,39,1097867,567,795.71 ,446,0.95 ,0.86 ,0.19 ,0.2,1.06E+07,4.62E+03,1.09E+06,1.17E+07,1.10E+06,863.71 ,68.00 ,,,,,,,,,,,,,,,,,,
2021/5/25,Ohio,39,1098594,727,746.57 ,447,0.92 ,0.83 ,0.18 ,0.2,1.06E+07,4.49E+03,1.09E+06,1.17E+07,1.10E+06,795.71 ,49.14 ,,,,,,,,,,,,,,,,,,
2021/5/26,Ohio,39,1099580,986,705.71 ,448,0.90 ,0.81 ,0.18 ,0.2,1.06E+07,4.34E+03,1.09E+06,1.17E+07,1.10E+06,746.57 ,40.86 ,,,,,,,,,,,,,,,,,,
2021/5/27,Ohio,39,1100312,732,662.00 ,449,0.87 ,0.79 ,0.17 ,0.2,1.06E+07,4.18E+03,1.10E+06,1.17E+07,1.10E+06,705.71 ,43.71 ,,,,,,,,,,,,,,,,,,
2021/5/28,Ohio,39,1100972,660,581.00 ,450,0.80 ,0.73 ,0.16 ,0.2,1.06E+07,4.00E+03,1.10E+06,1.17E+07,1.10E+06,662.00 ,81.00 ,,,,,,,,,,,,,,,,,,
2021/5/29,Ohio,39,1101557,585,566.00 ,451,0.83 ,0.75 ,0.17 ,0.2,1.06E+07,3.78E+03,1.10E+06,1.17E+07,1.10E+06,581.00 ,15.00 ,,,,,,,,,,,,,,,,,,
2021/5/30,Ohio,39,1101934,377,472.86 ,452,0.73 ,0.66 ,0.15 ,0.2,1.06E+07,3.59E+03,1.10E+06,1.17E+07,1.10E+06,566.00 ,93.14 ,,,,,,,,,,,,,,,,,,
2021/5/31,Ohio,39,1101934,0,438.29 ,453,0.72 ,0.65 ,0.14 ,0.2,1.06E+07,3.35E+03,1.10E+06,1.17E+07,1.10E+06,472.86 ,34.57 ,,,,,,,,,,,,,,,,,,
2021/6/1,Ohio,39,1102556,622,432.71 ,454,0.77 ,0.69 ,0.15 ,0.2,1.06E+07,3.12E+03,1.10E+06,1.17E+07,1.10E+06,438.29 ,5.57 ,,,,,,,,,,,,,,,,,,
2021/6/2,Ohio,39,1102890,334,403.29 ,455,0.76 ,0.69 ,0.15 ,0.2,1.06E+07,2.93E+03,1.10E+06,1.17E+07,1.10E+06,432.71 ,29.43 ,,,,,,,,,,,,,,,,,,
2021/6/3,Ohio,39,1103380,490,387.71 ,456,0.78 ,0.71 ,0.16 ,0.2,1.06E+07,2.74E+03,1.10E+06,1.17E+07,1.10E+06,403.29 ,15.57 ,,,,,,,,,,,,,,,,,,
2021/6/4,Ohio,39,1104001,621,424.14 ,457,0.91 ,0.82 ,0.18 ,0.2,1.06E+07,2.58E+03,1.10E+06,1.17E+07,1.10E+06,387.71 ,-36.43 ,,,,,,,,,,,,,,,,,,
2021/6/5,Ohio,39,1104380,379,396.14 ,458,0.88 ,0.80 ,0.18 ,0.2,1.06E+07,2.49E+03,1.10E+06,1.17E+07,1.10E+06,424.14 ,28.00 ,,,,,,,,,,,,,,,,,,
2021/6/6,Ohio,39,1104648,268,404.29 ,459,0.93 ,0.85 ,0.19 ,0.2,1.06E+07,2.39E+03,1.10E+06,1.17E+07,1.10E+06,396.14 ,-8.14 ,,,,,,,,,,,,,,,,,,
2021/6/7,Ohio,39,1104903,255,383.43 ,460,0.91 ,0.83 ,0.18 ,0.2,1.06E+07,2.32E+03,1.10E+06,1.17E+07,1.10E+06,404.29 ,20.86 ,,,,,,,,,,,,,,,,,,
2021/6/8,Ohio,39,1105329,426,344.29 ,461,0.85 ,0.77 ,0.17 ,0.2,1.06E+07,2.24E+03,1.10E+06,1.17E+07,1.11E+06,383.43 ,39.14 ,,,,,,,,,,,,,,,,,,
2021/6/9,Ohio,39,1105720,391,345.14 ,462,0.89 ,0.81 ,0.18 ,0.2,1.06E+07,2.13E+03,1.10E+06,1.17E+07,1.11E+06,344.29 ,-0.86 ,,,,,,,,,,,,,,,,,,
2021/6/10,Ohio,39,1106064,344,342.71 ,463,0.92 ,0.84 ,0.18 ,0.2,1.06E+07,2.05E+03,1.10E+06,1.17E+07,1.11E+06,345.14 ,2.43 ,,,,,,,,,,,,,,,,,,
2021/6/11,Ohio,39,1106411,347,331.71 ,464,0.92 ,0.84 ,0.18 ,0.2,1.06E+07,1.98E+03,1.10E+06,1.17E+07,1.11E+06,342.71 ,11.00 ,,,,,,,,,,,,,,,,,,
2021/6/12,Ohio,39,1106796,385,313.14 ,465,0.90 ,0.82 ,0.18 ,0.2,1.06E+07,1.92E+03,1.10E+06,1.17E+07,1.11E+06,331.71 ,18.57 ,,,,,,,,,,,,,,,,,,
2021/6/13,Ohio,39,1107047,251,311.71 ,466,0.93 ,0.84 ,0.19 ,0.2,1.06E+07,1.85E+03,1.10E+06,1.17E+07,1.11E+06,313.14 ,1.43 ,,,,,,,,,,,,,,,,,,
2021/6/14,Ohio,39,1107225,178,297.43 ,467,0.92 ,0.83 ,0.18 ,0.2,1.06E+07,1.79E+03,1.11E+06,1.17E+07,1.11E+06,311.71 ,14.29 ,,,,,,,,,,,,,,,,,,
2021/6/15,Ohio,39,1107521,296,302.43 ,468,0.97 ,0.87 ,0.19 ,0.2,1.06E+07,1.73E+03,1.11E+06,1.17E+07,1.11E+06,297.43 ,-5.00 ,,,,,,,,,,,,,,,,,,
2021/6/16,Ohio,39,1107902,381,277.14 ,469,0.91 ,0.82 ,0.18 ,0.2,1.06E+07,1.69E+03,1.11E+06,1.17E+07,1.11E+06,302.43 ,25.29 ,,,,,,,,,,,,,,,,,,
2021/6/17,Ohio,39,1108146,244,265.00 ,470,0.90 ,0.81 ,0.18 ,0.2,1.06E+07,1.63E+03,1.11E+06,1.17E+07,1.11E+06,277.14 ,12.14 ,,,,,,,,,,,,,,,,,,
2021/6/18,Ohio,39,1108528,382,257.14 ,471,0.91 ,0.82 ,0.18 ,0.2,1.06E+07,1.57E+03,1.11E+06,1.17E+07,1.11E+06,265.00 ,7.86 ,,,,,,,,,,,,,,,,,,
2021/6/19,Ohio,39,1108736,208,264.71 ,472,0.97 ,0.88 ,0.19 ,0.2,1.06E+07,1.51E+03,1.11E+06,1.17E+07,1.11E+06,257.14 ,-7.57 ,,,,,,,,,,,,,,,,,,
2021/6/20,Ohio,39,1108902,166,256.43 ,473,0.96 ,0.87 ,0.19 ,0.2,1.06E+07,1.47E+03,1.11E+06,1.17E+07,1.11E+06,264.71 ,8.29 ,,,,,,,,,,,,,,,,,,
2021/6/21,Ohio,39,1109025,123,264.86 ,474,1.02 ,0.92 ,0.20 ,0.2,1.06E+07,1.43E+03,1.11E+06,1.17E+07,1.11E+06,256.43 ,-8.43 ,,,,,,,,,,,,,,,,,,
2021/6/22,Ohio,39,1109374,349,252.00 ,475,0.99 ,0.89 ,0.20 ,0.2,1.06E+07,1.41E+03,1.11E+06,1.17E+07,1.11E+06,264.86 ,12.86 ,,,,,,,,,,,,,,,,,,
2021/6/23,Ohio,39,1109697,323,258.57 ,476,1.03 ,0.94 ,0.21 ,0.2,1.06E+07,1.38E+03,1.11E+06,1.17E+07,1.11E+06,252.00 ,-6.57 ,,,,,,,,,,,,,,,,,,
2021/6/24,Ohio,39,1110000,303,256.86 ,477,1.04 ,0.94 ,0.21 ,0.2,1.06E+07,1.36E+03,1.11E+06,1.17E+07,1.11E+06,258.57 ,1.71 ,,,,,,,,,,,,,,,,,,
2021/6/25,Ohio,39,1110292,292,260.29 ,478,1.07 ,0.97 ,0.21 ,0.2,1.06E+07,1.35E+03,1.11E+06,1.17E+07,1.11E+06,256.86 ,-3.43 ,,,,,,,,,,,,,,,,,,
2021/6/26,Ohio,39,1110546,254,250.00 ,479,1.03 ,0.93 ,0.21 ,0.2,1.06E+07,1.34E+03,1.11E+06,1.17E+07,1.11E+06,260.29 ,10.29 ,,,,,,,,,,,,,,,,,,
2021/6/27,Ohio,39,1110700,154,232.43 ,480,0.97 ,0.88 ,0.19 ,0.2,1.06E+07,1.32E+03,1.11E+06,1.17E+07,1.11E+06,250.00 ,17.57 ,,,,,,,,,,,,,,,,,,
2021/6/28,Ohio,39,1110847,147,271.86 ,481,1.16 ,1.05 ,0.23 ,0.2,1.06E+07,1.29E+03,1.11E+06,1.17E+07,1.11E+06,232.43 ,-39.43 ,,,,,,,,,,,,,,,,,,
2021/6/29,Ohio,39,1111124,277,256.57 ,482,1.09 ,0.98 ,0.22 ,0.2,1.06E+07,1.30E+03,1.11E+06,1.17E+07,1.11E+06,271.86 ,15.29 ,,,,,,,,,,,,,,,,,,
2021/6/30,Ohio,39,1111324,200,249.00 ,483,1.06 ,0.96 ,0.21 ,0.2,1.06E+07,1.30E+03,1.11E+06,1.17E+07,1.11E+06,256.57 ,7.57 ,,,,,,,,,,,,,,,,,,
2021/7/1,Ohio,39,1111903,579,227.00 ,484,0.97 ,0.88 ,0.19 ,0.2,1.06E+07,1.29E+03,1.11E+06,1.17E+07,1.11E+06,249.00 ,22.00 ,,,,,,,,,,,,,,,,,,
2021/7/2,Ohio,39,1112088,185,236.00 ,485,1.04 ,0.94 ,0.21 ,0.2,1.06E+07,1.26E+03,1.11E+06,1.17E+07,1.11E+06,227.00 ,-9.00 ,,,,,,,,,,,,,,,,,,
2021/7/3,Ohio,39,1112289,201,223.57 ,486,0.99 ,0.90 ,0.20 ,0.2,1.06E+07,1.24E+03,1.11E+06,1.17E+07,1.11E+06,236.00 ,12.43 ,,,,,,,,,,,,,,,,,,
2021/7/4,Ohio,39,1112289,0,240.29 ,487,1.09 ,0.99 ,0.22 ,0.2,1.06E+07,1.22E+03,1.11E+06,1.17E+07,1.11E+06,223.57 ,-16.71 ,,,,,,,,,,,,,,,,,,
2021/7/5,Ohio,39,1112499,210,211.43 ,488,0.96 ,0.87 ,0.19 ,0.2,1.06E+07,1.21E+03,1.11E+06,1.17E+07,1.11E+06,240.29 ,28.86 ,,,,,,,,,,,,,,,,,,
2021/7/6,Ohio,39,1112689,190,235.57 ,489,1.10 ,1.00 ,0.22 ,0.2,1.06E+07,1.18E+03,1.11E+06,1.17E+07,1.11E+06,211.43 ,-24.14 ,,,,,,,,,,,,,,,,,,
2021/7/7,Ohio,39,1113006,317,249.57 ,490,1.17 ,1.06 ,0.23 ,0.2,1.06E+07,1.18E+03,1.11E+06,1.17E+07,1.11E+06,235.57 ,-14.00 ,,,,,,,,,,,,,,,,,,
2021/7/8,Ohio,39,1113383,377,282.57 ,491,1.31 ,1.18 ,0.26 ,0.2,1.06E+07,1.19E+03,1.11E+06,1.17E+07,1.11E+06,249.57 ,-33.00 ,,,,,,,,,,,,,,,,,,
2021/7/9,Ohio,39,1113737,354,284.57 ,492,1.27 ,1.15 ,0.25 ,0.2,1.06E+07,1.24E+03,1.11E+06,1.17E+07,1.11E+06,282.57 ,-2.00 ,,,,,,,,,,,,,,,,,,
2021/7/10,Ohio,39,1114036,299,306.57 ,493,1.33 ,1.20 ,0.27 ,0.2,1.06E+07,1.28E+03,1.11E+06,1.17E+07,1.11E+06,284.57 ,-22.00 ,,,,,,,,,,,,,,,,,,
2021/7/11,Ohio,39,1114267,231,319.43 ,494,1.33 ,1.20 ,0.27 ,0.2,1.06E+07,1.33E+03,1.11E+06,1.17E+07,1.11E+06,306.57 ,-12.86 ,,,,,,,,,,,,,,,,,,
2021/7/12,Ohio,39,1114491,224,343.71 ,495,1.38 ,1.24 ,0.28 ,0.2,1.06E+07,1.38E+03,1.11E+06,1.17E+07,1.11E+06,319.43 ,-24.29 ,,,,,,,,,,,,,,,,,,
2021/7/13,Ohio,39,1114835,344,369.29 ,496,1.41 ,1.27 ,0.28 ,0.2,1.06E+07,1.45E+03,1.11E+06,1.17E+07,1.11E+06,343.71 ,-25.57 ,,,,,,,,,,,,,,,,,,
2021/7/14,Ohio,39,1115242,407,396.00 ,497,1.43 ,1.30 ,0.29 ,0.2,1.06E+07,1.53E+03,1.11E+06,1.17E+07,1.11E+06,369.29 ,-26.71 ,,,,,,,,,,,,,,,,,,
2021/7/15,Ohio,39,1115789,547,406.00 ,498,1.39 ,1.25 ,0.28 ,0.2,1.06E+07,1.62E+03,1.11E+06,1.17E+07,1.12E+06,396.00 ,-10.00 ,,,,,,,,,,,,,,,,,,
2021/7/16,Ohio,39,1116322,533,468.29 ,499,1.52 ,1.38 ,0.30 ,0.2,1.06E+07,1.70E+03,1.11E+06,1.17E+07,1.12E+06,406.00 ,-62.29 ,,,,,,,,,,,,,,,,,,
2021/7/17,Ohio,39,1116808,486,525.43 ,500,1.59 ,1.44 ,0.32 ,0.2,1.06E+07,1.83E+03,1.11E+06,1.17E+07,1.12E+06,468.29 ,-57.14 ,,,,,,,,,,,,,,,,,,
2021/7/18,Ohio,39,1117109,301,579.43 ,501,1.61 ,1.46 ,0.32 ,0.2,1.06E+07,1.99E+03,1.11E+06,1.17E+07,1.12E+06,525.43 ,-54.00 ,,,,,,,,,,,,,,,,,,
2021/7/19,Ohio,39,1117769,660,618.71 ,502,1.58 ,1.43 ,0.32 ,0.2,1.06E+07,2.17E+03,1.12E+06,1.17E+07,1.12E+06,579.43 ,-39.29 ,,,,,,,,,,,,,,,,,,
2021/7/20,Ohio,39,1118513,744,657.14 ,503,1.54 ,1.40 ,0.31 ,0.2,1.06E+07,2.35E+03,1.12E+06,1.17E+07,1.12E+06,618.71 ,-38.43 ,,,,,,,,,,,,,,,,,,
2021/7/21,Ohio,39,1119298,785,685.86 ,504,1.49 ,1.35 ,0.30 ,0.2,1.06E+07,2.54E+03,1.12E+06,1.17E+07,1.12E+06,657.14 ,-28.71 ,,,,,,,,,,,,,,,,,,
2021/7/22,Ohio,39,1120120,822,713.57 ,505,1.45 ,1.31 ,0.29 ,0.2,1.06E+07,2.72E+03,1.12E+06,1.17E+07,1.12E+06,685.86 ,-27.71 ,,,,,,,,,,,,,,,,,,
2021/7/23,Ohio,39,1120922,802,696.86 ,506,1.33 ,1.21 ,0.27 ,0.2,1.06E+07,2.89E+03,1.12E+06,1.17E+07,1.12E+06,713.57 ,16.71 ,,,,,,,,,,,,,,,,,,
2021/7/24,Ohio,39,1121609,687,778.71 ,507,1.43 ,1.29 ,0.29 ,0.2,1.06E+07,3.01E+03,1.12E+06,1.17E+07,1.12E+06,696.86 ,-81.86 ,,,,,,,,,,,,,,,,,,
2021/7/25,Ohio,39,1122104,495,874.57 ,508,1.52 ,1.37 ,0.30 ,0.2,1.06E+07,3.18E+03,1.12E+06,1.17E+07,1.12E+06,778.71 ,-95.86 ,,,,,,,,,,,,,,,,,,
2021/7/26,Ohio,39,1122647,543,929.29 ,509,1.50 ,1.36 ,0.30 ,0.2,1.06E+07,3.42E+03,1.12E+06,1.17E+07,1.12E+06,874.57 ,-54.71 ,,,,,,,,,,,,,,,,,,
2021/7/27,Ohio,39,1123964,1317,983.71 ,510,1.48 ,1.34 ,0.30 ,0.2,1.06E+07,3.67E+03,1.12E+06,1.17E+07,1.12E+06,929.29 ,-54.43 ,,,,,,,,,,,,,,,,,,
2021/7/28,Ohio,39,1125420,1456,1095.43 ,511,1.55 ,1.40 ,0.31 ,0.2,1.06E+07,3.92E+03,1.12E+06,1.17E+07,1.12E+06,983.71 ,-111.71 ,,,,,,,,,,,,,,,,,,
2021/7/29,Ohio,39,1126625,1205,1147.14 ,512,1.50 ,1.36 ,0.30 ,0.2,1.06E+07,4.23E+03,1.12E+06,1.17E+07,1.13E+06,1095.43 ,-51.71 ,,,,,,,,,,,,,,,,,,
2021/7/30,Ohio,39,1127808,1183,1197.43 ,513,1.46 ,1.32 ,0.29 ,0.2,1.06E+07,4.53E+03,1.12E+06,1.17E+07,1.13E+06,1147.14 ,-50.29 ,,,,,,,,,,,,,,,,,,
2021/7/31,Ohio,39,1129277,1469,1262.00 ,514,1.45 ,1.31 ,0.29 ,0.2,1.06E+07,4.82E+03,1.12E+06,1.17E+07,1.13E+06,1197.43 ,-64.57 ,,,,,,,,,,,,,,,,,,
2021/8/1,Ohio,39,1130134,857,1363.57 ,515,1.47 ,1.33 ,0.29 ,0.2,1.06E+07,5.12E+03,1.12E+06,1.17E+07,1.13E+06,1262.00 ,-101.57 ,,,,,,,,,,,,,,,,,,
2021/8/2,Ohio,39,1131029,895,1472.71 ,516,1.49 ,1.35 ,0.30 ,0.2,1.06E+07,5.46E+03,1.12E+06,1.17E+07,1.13E+06,1363.57 ,-109.14 ,,,,,,,,,,,,,,,,,,
2021/8/3,Ohio,39,1132798,1769,1541.71 ,517,1.46 ,1.32 ,0.29 ,0.2,1.06E+07,5.84E+03,1.13E+06,1.17E+07,1.13E+06,1472.71 ,-69.00 ,,,,,,,,,,,,,,,,,,
2021/8/4,Ohio,39,1134965,2167,1662.86 ,518,1.48 ,1.34 ,0.30 ,0.2,1.06E+07,6.21E+03,1.13E+06,1.17E+07,1.13E+06,1541.71 ,-121.14 ,,,,,,,,,,,,,,,,,,
2021/8/5,Ohio,39,1136934,1969,1742.29 ,519,1.45 ,1.31 ,0.29 ,0.2,1.06E+07,6.63E+03,1.13E+06,1.17E+07,1.14E+06,1662.86 ,-79.43 ,,,,,,,,,,,,,,,,,,
2021/8/6,Ohio,39,1138600,1666,1795.71 ,520,1.41 ,1.27 ,0.28 ,0.2,1.06E+07,7.05E+03,1.13E+06,1.17E+07,1.14E+06,1742.29 ,-53.43 ,,,,,,,,,,,,,,,,,,
2021/8/7,Ohio,39,1140917,2317,1875.29 ,521,1.40 ,1.26 ,0.28 ,0.2,1.06E+07,7.44E+03,1.13E+06,1.17E+07,1.14E+06,1795.71 ,-79.57 ,,,,,,,,,,,,,,,,,,
2021/8/8,Ohio,39,1142330,1413,2050.43 ,522,1.45 ,1.31 ,0.29 ,0.2,1.05E+07,7.82E+03,1.13E+06,1.17E+07,1.14E+06,1875.29 ,-175.14 ,,,,,,,,,,,,,,,,,,
2021/8/9,Ohio,39,1143599,1269,2236.57 ,523,1.49 ,1.35 ,0.30 ,0.2,1.05E+07,8.31E+03,1.13E+06,1.17E+07,1.14E+06,2050.43 ,-186.14 ,,,,,,,,,,,,,,,,,,
2021/8/10,Ohio,39,1145925,2326,2388.86 ,524,1.49 ,1.34 ,0.30 ,0.2,1.05E+07,8.88E+03,1.14E+06,1.17E+07,1.14E+06,2236.57 ,-152.29 ,,,,,,,,,,,,,,,,,,
2021/8/11,Ohio,39,1149318,3393,2409.29 ,525,1.41 ,1.27 ,0.28 ,0.2,1.05E+07,9.50E+03,1.14E+06,1.17E+07,1.15E+06,2388.86 ,-20.43 ,,,,,,,,,,,,,,,,,,
2021/8/12,Ohio,39,1152590,3272,2489.86 ,526,1.38 ,1.24 ,0.28 ,0.2,1.05E+07,1.00E+04,1.14E+06,1.17E+07,1.15E+06,2409.29 ,-80.57 ,,,,,,,,,,,,,,,,,,
2021/8/13,Ohio,39,1155322,2732,2567.71 ,527,1.36 ,1.22 ,0.27 ,0.2,1.05E+07,1.05E+04,1.14E+06,1.17E+07,1.15E+06,2489.86 ,-77.86 ,,,,,,,,,,,,,,,,,,
2021/8/14,Ohio,39,1157782,2460,2697.57 ,528,1.37 ,1.23 ,0.27 ,0.2,1.05E+07,1.10E+04,1.14E+06,1.17E+07,1.15E+06,2567.71 ,-129.86 ,,,,,,,,,,,,,,,,,,
2021/8/15,Ohio,39,1159759,1977,2684.71 ,529,1.30 ,1.17 ,0.26 ,0.2,1.05E+07,1.15E+04,1.15E+06,1.17E+07,1.16E+06,2697.57 ,12.86 ,,,,,,,,,,,,,,,,,,
2021/8/16,Ohio,39,1161573,1814,2709.57 ,530,1.27 ,1.14 ,0.25 ,0.2,1.05E+07,1.19E+04,1.15E+06,1.17E+07,1.16E+06,2684.71 ,-24.86 ,,,,,,,,,,,,,,,,,,
2021/8/17,Ohio,39,1164808,3235,2859.71 ,531,1.30 ,1.17 ,0.26 ,0.2,1.05E+07,1.22E+04,1.15E+06,1.17E+07,1.16E+06,2709.57 ,-150.14 ,,,,,,,,,,,,,,,,,,
2021/8/18,Ohio,39,1168111,3303,3001.43 ,532,1.32 ,1.19 ,0.26 ,0.2,1.05E+07,1.26E+04,1.15E+06,1.17E+07,1.17E+06,2859.71 ,-141.71 ,,,,,,,,,,,,,,,,,,
2021/8/19,Ohio,39,1171557,3446,3032.43 ,533,1.29 ,1.16 ,0.26 ,0.2,1.05E+07,1.31E+04,1.16E+06,1.17E+07,1.17E+06,3001.43 ,-31.00 ,,,,,,,,,,,,,,,,,,
2021/8/20,Ohio,39,1175340,3783,3169.71 ,534,1.30 ,1.17 ,0.26 ,0.2,1.05E+07,1.35E+04,1.16E+06,1.17E+07,1.17E+06,3032.43 ,-137.29 ,,,,,,,,,,,,,,,,,,
2021/8/21,Ohio,39,1178792,3452,3295.71 ,535,1.31 ,1.18 ,0.26 ,0.2,1.05E+07,1.40E+04,1.16E+06,1.17E+07,1.17E+06,3169.71 ,-126.00 ,,,,,,,,,,,,,,,,,,
2021/8/22,Ohio,39,1180986,2194,3481.00 ,536,1.34 ,1.20 ,0.27 ,0.2,1.05E+07,1.45E+04,1.16E+06,1.17E+07,1.18E+06,3295.71 ,-185.29 ,,,,,,,,,,,,,,,,,,
2021/8/23,Ohio,39,1183761,2775,3759.43 ,537,1.39 ,1.25 ,0.28 ,0.2,1.05E+07,1.51E+04,1.17E+06,1.17E+07,1.18E+06,3481.00 ,-278.43 ,,,,,,,,,,,,,,,,,,
2021/8/24,Ohio,39,1187878,4117,3912.57 ,538,1.38 ,1.24 ,0.28 ,0.2,1.05E+07,1.58E+04,1.17E+06,1.17E+07,1.19E+06,3759.43 ,-153.14 ,,,,,,,,,,,,,,,,,,
2021/8/25,Ohio,39,1192478,4600,4162.86 ,539,1.40 ,1.26 ,0.28 ,0.2,1.05E+07,1.66E+04,1.17E+06,1.17E+07,1.19E+06,3912.57 ,-250.29 ,,,,,,,,,,,,,,,,,,
2021/8/26,Ohio,39,1197873,5395,4415.57 ,540,1.41 ,1.27 ,0.28 ,0.2,1.05E+07,1.74E+04,1.18E+06,1.17E+07,1.19E+06,4162.86 ,-252.71 ,,,,,,,,,,,,,,,,,,
2021/8/27,Ohio,39,1202728,4855,4460.71 ,541,1.35 ,1.22 ,0.27 ,0.2,1.05E+07,1.83E+04,1.18E+06,1.17E+07,1.20E+06,4415.57 ,-45.14 ,,,,,,,,,,,,,,,,,,
2021/8/28,Ohio,39,1207932,5204,4717.43 ,542,1.37 ,1.23 ,0.27 ,0.2,1.05E+07,1.91E+04,1.18E+06,1.17E+07,1.20E+06,4460.71 ,-256.71 ,,,,,,,,,,,,,,,,,,
2021/8/29,Ohio,39,1211895,3963,5074.86 ,543,1.41 ,1.27 ,0.28 ,0.2,1.05E+07,2.00E+04,1.19E+06,1.17E+07,1.21E+06,4717.43 ,-357.43 ,,,,,,,,,,,,,,,,,,
2021/8/30,Ohio,39,1214986,3091,5316.57 ,544,1.41 ,1.26 ,0.28 ,0.2,1.05E+07,2.11E+04,1.19E+06,1.17E+07,1.21E+06,5074.86 ,-241.71 ,,,,,,,,,,,,,,,,,,
2021/8/31,Ohio,39,1220900,5914,5505.71 ,545,1.38 ,1.24 ,0.28 ,0.2,1.05E+07,2.22E+04,1.20E+06,1.17E+07,1.22E+06,5316.57 ,-189.14 ,,,,,,,,,,,,,,,,,,
2021/9/1,Ohio,39,1228002,7102,5672.14 ,546,1.36 ,1.22 ,0.27 ,0.2,1.05E+07,2.33E+04,1.20E+06,1.17E+07,1.22E+06,5505.71 ,-166.43 ,,,,,,,,,,,,,,,,,,
2021/9/2,Ohio,39,1235089,7087,5900.43 ,547,1.36 ,1.22 ,0.27 ,0.2,1.05E+07,2.43E+04,1.20E+06,1.17E+07,1.23E+06,5672.14 ,-228.29 ,,,,,,,,,,,,,,,,,,
2021/9/3,Ohio,39,1241268,6179,6022.29 ,548,1.33 ,1.19 ,0.27 ,0.2,1.05E+07,2.53E+04,1.21E+06,1.17E+07,1.23E+06,5900.43 ,-121.86 ,,,,,,,,,,,,,,,,,,
2021/9/4,Ohio,39,1247637,6369,5874.00 ,549,1.25 ,1.12 ,0.25 ,0.2,1.04E+07,2.63E+04,1.21E+06,1.17E+07,1.24E+06,6022.29 ,148.29 ,,,,,,,,,,,,,,,,,,
2021/9/5,Ohio,39,1253198,5561,5834.14 ,550,1.21 ,1.08 ,0.24 ,0.2,1.04E+07,2.69E+04,1.22E+06,1.17E+07,1.25E+06,5874.00 ,39.86 ,,,,,,,,,,,,,,,,,,
2021/9/6,Ohio,39,1257142,3944,5949.86 ,551,1.22 ,1.09 ,0.24 ,0.2,1.04E+07,2.74E+04,1.22E+06,1.17E+07,1.25E+06,5834.14 ,-115.71 ,,,,,,,,,,,,,,,,,,
2021/9/7,Ohio,39,1262018,4876,6355.57 ,552,1.28 ,1.14 ,0.26 ,0.2,1.04E+07,2.78E+04,1.23E+06,1.17E+07,1.26E+06,5949.86 ,-405.71 ,,,,,,,,,,,,,,,,,,
2021/9/8,Ohio,39,1268841,6823,6646.43 ,553,1.30 ,1.16 ,0.26 ,0.2,1.04E+07,2.86E+04,1.24E+06,1.17E+07,1.26E+06,6355.57 ,-290.86 ,,,,,,,,,,,,,,,,,,
2021/9/9,Ohio,39,1276738,7897,6489.57 ,554,1.23 ,1.10 ,0.25 ,0.2,1.04E+07,2.95E+04,1.24E+06,1.17E+07,1.27E+06,6646.43 ,156.86 ,,,,,,,,,,,,,,,,,,
2021/9/10,Ohio,39,1285757,9019,6721.57 ,555,1.25 ,1.12 ,0.25 ,0.2,1.04E+07,3.01E+04,1.25E+06,1.17E+07,1.28E+06,6489.57 ,-232.00 ,,,,,,,,,,,,,,,,,,
2021/9/11,Ohio,39,1294162,8405,7071.43 ,556,1.29 ,1.15 ,0.26 ,0.2,1.04E+07,3.08E+04,1.25E+06,1.17E+07,1.28E+06,6721.57 ,-349.86 ,,,,,,,,,,,,,,,,,,
2021/9/12,Ohio,39,1298625,4463,7203.43 ,557,1.28 ,1.14 ,0.26 ,0.2,1.04E+07,3.17E+04,1.26E+06,1.17E+07,1.29E+06,7071.43 ,-132.00 ,,,,,,,,,,,,,,,,,,
2021/9/13,Ohio,39,1304193,5568,7268.00 ,558,1.25 ,1.12 ,0.25 ,0.2,1.04E+07,3.26E+04,1.27E+06,1.17E+07,1.30E+06,7203.43 ,-64.57 ,,,,,,,,,,,,,,,,,,
2021/9/14,Ohio,39,1311518,7325,7186.29 ,559,1.21 ,1.08 ,0.24 ,0.2,1.04E+07,3.33E+04,1.27E+06,1.17E+07,1.31E+06,7268.00 ,81.71 ,,,,,,,,,,,,,,,,,,
2021/9/15,Ohio,39,1319265,7747,6945.00 ,560,1.16 ,1.03 ,0.23 ,0.2,1.04E+07,3.39E+04,1.28E+06,1.17E+07,1.31E+06,7186.29 ,241.29 ,,,,,,,,,,,,,,,,,,
2021/9/16,Ohio,39,1327614,8349,6940.00 ,561,1.15 ,1.02 ,0.23 ,0.2,1.04E+07,3.40E+04,1.29E+06,1.17E+07,1.32E+06,6945.00 ,5.00 ,,,,,,,,,,,,,,,,,,
2021/9/17,Ohio,39,1336061,8447,6844.43 ,562,1.13 ,1.00 ,0.23 ,0.2,1.04E+07,3.42E+04,1.29E+06,1.17E+07,1.33E+06,6940.00 ,95.57 ,,,,,,,,,,,,,,,,,,
2021/9/18,Ohio,39,1342777,6716,6771.43 ,563,1.12 ,0.99 ,0.22 ,0.2,1.04E+07,3.42E+04,1.30E+06,1.17E+07,1.33E+06,6844.43 ,73.00 ,,,,,,,,,,,,,,,,,,
2021/9/19,Ohio,39,1347205,4428,6647.86 ,564,1.10 ,0.97 ,0.22 ,0.2,1.03E+07,3.41E+04,1.31E+06,1.17E+07,1.34E+06,6771.43 ,123.57 ,,,,,,,,,,,,,,,,,,
2021/9/20,Ohio,39,1352104,4899,6523.00 ,565,1.09 ,0.96 ,0.22 ,0.2,1.03E+07,3.39E+04,1.31E+06,1.17E+07,1.35E+06,6647.86 ,124.86 ,,,,,,,,,,,,,,,,,,
2021/9/21,Ohio,39,1358918,6814,6329.86 ,566,1.06 ,0.94 ,0.21 ,0.2,1.03E+07,3.37E+04,1.32E+06,1.17E+07,1.35E+06,6523.00 ,193.14 ,,,,,,,,,,,,,,,,,,
2021/9/22,Ohio,39,1365800,6882,6138.86 ,567,1.04 ,0.92 ,0.21 ,0.2,1.03E+07,3.33E+04,1.33E+06,1.17E+07,1.36E+06,6329.86 ,191.00 ,,,,,,,,,,,,,,,,,,
2021/9/23,Ohio,39,1373275,7475,6115.71 ,568,1.06 ,0.93 ,0.21 ,0.2,1.03E+07,3.28E+04,1.33E+06,1.17E+07,1.37E+06,6138.86 ,23.14 ,,,,,,,,,,,,,,,,,,
2021/9/24,Ohio,39,1380370,7095,5941.71 ,569,1.04 ,0.92 ,0.21 ,0.2,1.03E+07,3.23E+04,1.34E+06,1.17E+07,1.37E+06,6115.71 ,174.00 ,,,,,,,,,,,,,,,,,,
2021/9/25,Ohio,39,1385749,5379,6008.71 ,570,1.07 ,0.94 ,0.21 ,0.2,1.03E+07,3.18E+04,1.35E+06,1.17E+07,1.38E+06,5941.71 ,-67.00 ,,,,,,,,,,,,,,,,,,
2021/9/26,Ohio,39,1390015,4266,5948.86 ,571,1.07 ,0.95 ,0.21 ,0.2,1.03E+07,3.14E+04,1.35E+06,1.17E+07,1.38E+06,6008.71 ,59.86 ,,,,,,,,,,,,,,,,,,
2021/9/27,Ohio,39,1393696,3681,5813.86 ,572,1.06 ,0.93 ,0.21 ,0.2,1.03E+07,3.11E+04,1.36E+06,1.17E+07,1.39E+06,5948.86 ,135.00 ,,,,,,,,,,,,,,,,,,
2021/9/28,Ohio,39,1400979,7283,5690.86 ,573,1.05 ,0.93 ,0.21 ,0.2,1.03E+07,3.07E+04,1.37E+06,1.17E+07,1.40E+06,5813.86 ,123.00 ,,,,,,,,,,,,,,,,,,
2021/9/29,Ohio,39,1407442,6463,5793.00 ,574,1.09 ,0.96 ,0.22 ,0.2,1.03E+07,3.02E+04,1.37E+06,1.17E+07,1.40E+06,5690.86 ,-102.14 ,,,,,,,,,,,,,,,,,,
2021/9/30,Ohio,39,1413972,6530,5675.71 ,575,1.08 ,0.95 ,0.22 ,0.2,1.03E+07,3.00E+04,1.38E+06,1.17E+07,1.41E+06,5793.00 ,117.29 ,,,,,,,,,,,,,,,,,,
2021/10/1,Ohio,39,1420206,6234,5751.57 ,576,1.10 ,0.97 ,0.22 ,0.2,1.03E+07,2.97E+04,1.38E+06,1.17E+07,1.41E+06,5675.71 ,-75.86 ,,,,,,,,,,,,,,,,,,
2021/10/2,Ohio,39,1426300,6094,5501.57 ,577,1.06 ,0.93 ,0.21 ,0.2,1.03E+07,2.95E+04,1.39E+06,1.17E+07,1.42E+06,5751.57 ,250.00 ,,,,,,,,,,,,,,,,,,
2021/10/3,Ohio,39,1429745,3445,5477.71 ,578,1.07 ,0.94 ,0.21 ,0.2,1.03E+07,2.91E+04,1.40E+06,1.17E+07,1.42E+06,5501.57 ,23.86 ,,,,,,,,,,,,,,,,,,
2021/10/4,Ohio,39,1433957,4212,5446.29 ,579,1.08 ,0.95 ,0.22 ,0.2,1.03E+07,2.88E+04,1.40E+06,1.17E+07,1.43E+06,5477.71 ,31.43 ,,,,,,,,,,,,,,,,,,
2021/10/5,Ohio,39,1439490,5533,5505.86 ,580,1.10 ,0.97 ,0.22 ,0.2,1.03E+07,2.84E+04,1.41E+06,1.17E+07,1.44E+06,5446.29 ,-59.57 ,,,,,,,,,,,,,,,,,,
2021/10/6,Ohio,39,1445786,6296,5090.29 ,581,1.03 ,0.90 ,0.21 ,0.2,1.02E+07,2.83E+04,1.41E+06,1.17E+07,1.44E+06,5505.86 ,415.57 ,,,,,,,,,,,,,,,,,,
2021/10/7,Ohio,39,1452096,6310,5369.43 ,582,1.11 ,0.97 ,0.22 ,0.2,1.02E+07,2.77E+04,1.42E+06,1.17E+07,1.45E+06,5090.29 ,-279.14 ,,,,,,,,,,,,,,,,,,
2021/10/8,Ohio,39,1458747,6651,5187.14 ,583,1.08 ,0.94 ,0.22 ,0.2,1.02E+07,2.75E+04,1.42E+06,1.17E+07,1.45E+06,5369.43 ,182.29 ,,,,,,,,,,,,,,,,,,
2021/10/9,Ohio,39,1461932,3185,5033.29 ,584,1.06 ,0.92 ,0.21 ,0.2,1.02E+07,2.72E+04,1.43E+06,1.17E+07,1.46E+06,5187.14 ,153.86 ,,,,,,,,,,,,,,,,,,
2021/10/10,Ohio,39,1467331,5399,4940.71 ,585,1.05 ,0.92 ,0.21 ,0.2,1.02E+07,2.68E+04,1.43E+06,1.17E+07,1.46E+06,5033.29 ,92.57 ,,,,,,,,,,,,,,,,,,
2021/10/11,Ohio,39,1470267,2936,4774.00 ,586,1.03 ,0.90 ,0.21 ,0.2,1.02E+07,2.64E+04,1.44E+06,1.17E+07,1.47E+06,4940.71 ,166.71 ,,,,,,,,,,,,,,,,,,
2021/10/12,Ohio,39,1474723,4456,4529.14 ,587,1.00 ,0.88 ,0.20 ,0.2,1.02E+07,2.59E+04,1.45E+06,1.17E+07,1.47E+06,4774.00 ,244.86 ,,,,,,,,,,,,,,,,,,
2021/10/13,Ohio,39,1480371,5648,4604.00 ,588,1.04 ,0.91 ,0.21 ,0.2,1.02E+07,2.52E+04,1.45E+06,1.17E+07,1.48E+06,4529.14 ,-74.86 ,,,,,,,,,,,,,,,,,,
2021/10/14,Ohio,39,1485514,5143,4192.00 ,589,0.97 ,0.85 ,0.19 ,0.2,1.02E+07,2.48E+04,1.46E+06,1.17E+07,1.48E+06,4604.00 ,412.00 ,,,,,,,,,,,,,,,,,,
2021/10/15,Ohio,39,1490451,4937,4174.00 ,590,1.00 ,0.87 ,0.20 ,0.2,1.02E+07,2.40E+04,1.46E+06,1.17E+07,1.48E+06,4192.00 ,18.00 ,,,,,,,,,,,,,,,,,,
2021/10/16,Ohio,39,1494160,3709,4054.14 ,591,0.99 ,0.87 ,0.20 ,0.2,1.02E+07,2.34E+04,1.47E+06,1.17E+07,1.49E+06,4174.00 ,119.86 ,,,,,,,,,,,,,,,,,,
2021/10/17,Ohio,39,1496675,2515,3900.71 ,592,0.98 ,0.86 ,0.20 ,0.2,1.02E+07,2.28E+04,1.47E+06,1.17E+07,1.49E+06,4054.14 ,153.43 ,,,,,,,,,,,,,,,,,,
2021/10/18,Ohio,39,1499485,2810,3749.43 ,593,0.97 ,0.85 ,0.19 ,0.2,1.02E+07,2.21E+04,1.47E+06,1.17E+07,1.50E+06,3900.71 ,151.29 ,,,,,,,,,,,,,,,,,,
2021/10/19,Ohio,39,1503102,3617,3626.71 ,594,0.97 ,0.85 ,0.19 ,0.2,1.02E+07,2.14E+04,1.48E+06,1.17E+07,1.50E+06,3749.43 ,122.71 ,,,,,,,,,,,,,,,,,,
2021/10/20,Ohio,39,1507676,4574,3592.00 ,595,0.99 ,0.86 ,0.20 ,0.2,1.02E+07,2.08E+04,1.48E+06,1.17E+07,1.50E+06,3626.71 ,34.71 ,,,,,,,,,,,,,,,,,,
2021/10/21,Ohio,39,1511760,4084,3595.57 ,596,1.02 ,0.89 ,0.20 ,0.2,1.02E+07,2.02E+04,1.49E+06,1.17E+07,1.51E+06,3592.00 ,-3.57 ,,,,,,,,,,,,,,,,,,
2021/10/22,Ohio,39,1515838,4078,3526.29 ,597,1.02 ,0.89 ,0.20 ,0.2,1.02E+07,1.98E+04,1.49E+06,1.17E+07,1.51E+06,3595.57 ,69.29 ,,,,,,,,,,,,,,,,,,
2021/10/23,Ohio,39,1519304,3466,3553.43 ,598,1.06 ,0.92 ,0.21 ,0.2,1.02E+07,1.93E+04,1.50E+06,1.17E+07,1.51E+06,3526.29 ,-27.14 ,,,,,,,,,,,,,,,,,,
2021/10/24,Ohio,39,1521844,2540,3448.43 ,599,1.04 ,0.91 ,0.21 ,0.2,1.02E+07,1.90E+04,1.50E+06,1.17E+07,1.52E+06,3553.43 ,105.00 ,,,,,,,,,,,,,,,,,,
2021/10/25,Ohio,39,1524169,2325,3463.57 ,600,1.07 ,0.93 ,0.21 ,0.2,1.02E+07,1.87E+04,1.50E+06,1.17E+07,1.52E+06,3448.43 ,-15.14 ,,,,,,,,,,,,,,,,,,
2021/10/26,Ohio,39,1527976,3807,3378.86 ,601,1.06 ,0.92 ,0.21 ,0.2,1.02E+07,1.84E+04,1.51E+06,1.17E+07,1.53E+06,3463.57 ,84.71 ,,,,,,,,,,,,,,,,,,
2021/10/27,Ohio,39,1531815,3839,3372.43 ,602,1.07 ,0.93 ,0.21 ,0.2,1.02E+07,1.81E+04,1.51E+06,1.17E+07,1.53E+06,3378.86 ,6.43 ,,,,,,,,,,,,,,,,,,
2021/10/28,Ohio,39,1536005,4190,3354.71 ,603,1.08 ,0.94 ,0.22 ,0.2,1.02E+07,1.79E+04,1.51E+06,1.17E+07,1.53E+06,3372.43 ,17.71 ,,,,,,,,,,,,,,,,,,
2021/10/29,Ohio,39,1539490,3485,3374.14 ,604,1.10 ,0.96 ,0.22 ,0.2,1.02E+07,1.76E+04,1.52E+06,1.17E+07,1.54E+06,3354.71 ,-19.43 ,,,,,,,,,,,,,,,,,,
2021/10/30,Ohio,39,1542911,3421,3389.86 ,605,1.12 ,0.97 ,0.22 ,0.2,1.02E+07,1.75E+04,1.52E+06,1.17E+07,1.54E+06,3374.14 ,-15.71 ,,,,,,,,,,,,,,,,,,
2021/10/31,Ohio,39,1545327,2416,3484.71 ,606,1.16 ,1.00 ,0.23 ,0.2,1.01E+07,1.74E+04,1.52E+06,1.17E+07,1.54E+06,3389.86 ,-94.86 ,,,,,,,,,,,,,,,,,,
2021/11/1,Ohio,39,1547788,2461,3527.14 ,607,1.17 ,1.01 ,0.23 ,0.2,1.01E+07,1.74E+04,1.53E+06,1.17E+07,1.55E+06,3484.71 ,-42.43 ,,,,,,,,,,,,,,,,,,
2021/11/2,Ohio,39,1551705,3917,3650.43 ,608,1.21 ,1.05 ,0.24 ,0.2,1.01E+07,1.74E+04,1.53E+06,1.17E+07,1.55E+06,3527.14 ,-123.29 ,,,,,,,,,,,,,,,,,,
2021/11/3,Ohio,39,1556208,4503,3560.43 ,609,1.17 ,1.01 ,0.23 ,0.2,1.01E+07,1.76E+04,1.54E+06,1.17E+07,1.55E+06,3650.43 ,90.00 ,,,,,,,,,,,,,,,,,,
2021/11/4,Ohio,39,1560695,4487,3838.57 ,610,1.26 ,1.09 ,0.25 ,0.2,1.01E+07,1.76E+04,1.54E+06,1.17E+07,1.56E+06,3560.43 ,-278.14 ,,,,,,,,,,,,,,,,,,
2021/11/5,Ohio,39,1565043,4348,3933.00 ,611,1.26 ,1.10 ,0.25 ,0.2,1.01E+07,1.80E+04,1.54E+06,1.17E+07,1.56E+06,3838.57 ,-94.43 ,,,,,,,,,,,,,,,,,,
2021/11/6,Ohio,39,1567834,2791,4080.86 ,612,1.29 ,1.12 ,0.26 ,0.2,1.01E+07,1.83E+04,1.55E+06,1.17E+07,1.56E+06,3933.00 ,-147.86 ,,,,,,,,,,,,,,,,,,
2021/11/7,Ohio,39,1572197,4363,4227.14 ,613,1.30 ,1.13 ,0.26 ,0.2,1.01E+07,1.87E+04,1.55E+06,1.17E+07,1.57E+06,4080.86 ,-146.29 ,,,,,,,,,,,,,,,,,,
2021/11/8,Ohio,39,1575319,3122,4299.57 ,614,1.29 ,1.12 ,0.26 ,0.2,1.01E+07,1.92E+04,1.55E+06,1.17E+07,1.57E+06,4227.14 ,-72.43 ,,,,,,,,,,,,,,,,,,
2021/11/9,Ohio,39,1580271,4952,4446.86 ,615,1.31 ,1.13 ,0.26 ,0.2,1.01E+07,1.97E+04,1.56E+06,1.17E+07,1.58E+06,4299.57 ,-147.29 ,,,,,,,,,,,,,,,,,,
2021/11/10,Ohio,39,1585798,5527,4718.00 ,616,1.35 ,1.17 ,0.27 ,0.2,1.01E+07,2.02E+04,1.56E+06,1.17E+07,1.58E+06,4446.86 ,-271.14 ,,,,,,,,,,,,,,,,,,
2021/11/11,Ohio,39,1590792,4994,4613.00 ,617,1.28 ,1.11 ,0.26 ,0.2,1.01E+07,2.09E+04,1.57E+06,1.17E+07,1.59E+06,4718.00 ,105.00 ,,,,,,,,,,,,,,,,,,
2021/11/12,Ohio,39,1596171,5379,4728.00 ,618,1.28 ,1.11 ,0.26 ,0.2,1.01E+07,2.13E+04,1.57E+06,1.17E+07,1.59E+06,4613.00 ,-115.00 ,,,,,,,,,,,,,,,,,,
2021/11/13,Ohio,39,1600860,4689,4826.14 ,619,1.28 ,1.11 ,0.26 ,0.2,1.01E+07,2.18E+04,1.57E+06,1.17E+07,1.60E+06,4728.00 ,-98.14 ,,,,,,,,,,,,,,,,,,
2021/11/14,Ohio,39,1604488,3628,4948.29 ,620,1.29 ,1.11 ,0.26 ,0.2,1.01E+07,2.22E+04,1.58E+06,1.17E+07,1.60E+06,4826.14 ,-122.14 ,,,,,,,,,,,,,,,,,,
2021/11/15,Ohio,39,1608415,3927,5179.86 ,621,1.32 ,1.14 ,0.26 ,0.2,1.01E+07,2.27E+04,1.58E+06,1.17E+07,1.61E+06,4948.29 ,-231.57 ,,,,,,,,,,,,,,,,,,
2021/11/16,Ohio,39,1614054,5639,5329.86 ,622,1.32 ,1.14 ,0.26 ,0.2,1.01E+07,2.34E+04,1.59E+06,1.17E+07,1.61E+06,5179.86 ,-150.00 ,,,,,,,,,,,,,,,,,,
2021/11/17,Ohio,39,1620436,6382,5458.57 ,623,1.32 ,1.14 ,0.26 ,0.2,1.01E+07,2.40E+04,1.59E+06,1.17E+07,1.62E+06,5329.86 ,-128.71 ,,,,,,,,,,,,,,,,,,
2021/11/18,Ohio,39,1627051,6615,5482.71 ,624,1.29 ,1.11 ,0.26 ,0.2,1.01E+07,2.47E+04,1.60E+06,1.17E+07,1.62E+06,5458.57 ,-24.14 ,,,,,,,,,,,,,,,,,,
2021/11/19,Ohio,39,1633480,6429,5546.00 ,625,1.28 ,1.10 ,0.26 ,0.2,1.01E+07,2.52E+04,1.60E+06,1.17E+07,1.63E+06,5482.71 ,-63.29 ,,,,,,,,,,,,,,,,,,
2021/11/20,Ohio,39,1639070,5590,5618.00 ,626,1.27 ,1.09 ,0.25 ,0.2,1.01E+07,2.57E+04,1.61E+06,1.17E+07,1.63E+06,5546.00 ,-72.00 ,,,,,,,,,,,,,,,,,,
2021/11/21,Ohio,39,1642867,3797,5670.71 ,627,1.26 ,1.08 ,0.25 ,0.2,1.01E+07,2.62E+04,1.61E+06,1.17E+07,1.64E+06,5618.00 ,-52.71 ,,,,,,,,,,,,,,,,,,
2021/11/22,Ohio,39,1647237,4370,4725.71 ,628,1.03 ,0.89 ,0.21 ,0.2,1.00E+07,2.66E+04,1.62E+06,1.17E+07,1.64E+06,5670.71 ,945.00 ,,,,,,,,,,,,,,,,,,
2021/11/23,Ohio,39,1653380,6143,5113.43 ,629,1.14 ,0.98 ,0.23 ,0.2,1.00E+07,2.60E+04,1.62E+06,1.17E+07,1.65E+06,4725.71 ,-387.71 ,,,,,,,,,,,,,,,,,,
2021/11/24,Ohio,39,1660131,6751,4918.00 ,630,1.10 ,0.95 ,0.22 ,0.2,1.00E+07,2.59E+04,1.63E+06,1.17E+07,1.65E+06,5113.43 ,195.43 ,,,,,,,,,,,,,,,,,,
2021/11/25,Ohio,39,1660131,0,4982.00 ,631,1.13 ,0.97 ,0.23 ,0.2,1.00E+07,2.57E+04,1.63E+06,1.17E+07,1.66E+06,4918.00 ,-64.00 ,,,,,,,,,,,,,,,,,,
2021/11/26,Ohio,39,1669274,9143,5176.43 ,632,1.18 ,1.01 ,0.24 ,0.2,1.00E+07,2.55E+04,1.64E+06,1.17E+07,1.66E+06,4982.00 ,-194.43 ,,,,,,,,,,,,,,,,,,
2021/11/27,Ohio,39,1673496,4222,5262.43 ,633,1.20 ,1.03 ,0.24 ,0.2,1.00E+07,2.56E+04,1.64E+06,1.17E+07,1.67E+06,5176.43 ,-86.00 ,,,,,,,,,,,,,,,,,,
2021/11/28,Ohio,39,1677741,4245,5575.71 ,634,1.26 ,1.08 ,0.25 ,0.2,1.00E+07,2.57E+04,1.65E+06,1.17E+07,1.67E+06,5262.43 ,-313.29 ,,,,,,,,,,,,,,,,,,
2021/11/29,Ohio,39,1683472,5731,6880.14 ,635,1.54 ,1.31 ,0.31 ,0.2,1.00E+07,2.62E+04,1.65E+06,1.17E+07,1.68E+06,5575.71 ,-1304.43 ,,,,,,,,,,,,,,,,,,
2021/11/30,Ohio,39,1690217,6745,6943.14 ,636,1.46 ,1.25 ,0.29 ,0.2,1.00E+07,2.78E+04,1.66E+06,1.17E+07,1.69E+06,6880.14 ,-63.00 ,,,,,,,,,,,,,,,,,,
2021/12/1,Ohio,39,1699161,8944,7453.29 ,637,1.49 ,1.28 ,0.30 ,0.2,1.00E+07,2.92E+04,1.66E+06,1.17E+07,1.69E+06,6943.14 ,-510.14 ,,,,,,,,,,,,,,,,,,
2021/12/2,Ohio,39,1708292,9131,7608.86 ,638,1.45 ,1.23 ,0.29 ,0.2,9.99E+06,3.08E+04,1.67E+06,1.17E+07,1.70E+06,7453.29 ,-155.57 ,,,,,,,,,,,,,,,,,,
2021/12/3,Ohio,39,1717876,9584,7493.29 ,639,1.36 ,1.16 ,0.27 ,0.2,9.98E+06,3.23E+04,1.68E+06,1.17E+07,1.71E+06,7608.86 ,115.57 ,,,,,,,,,,,,,,,,,,
2021/12/4,Ohio,39,1725669,7793,7654.86 ,640,1.35 ,1.15 ,0.27 ,0.2,9.97E+06,3.33E+04,1.68E+06,1.17E+07,1.72E+06,7493.29 ,-161.57 ,,,,,,,,,,,,,,,,,,
2021/12/5,Ohio,39,1731003,5334,7621.00 ,641,1.30 ,1.11 ,0.26 ,0.2,9.97E+06,3.43E+04,1.69E+06,1.17E+07,1.72E+06,7654.86 ,33.86 ,,,,,,,,,,,,,,,,,,
2021/12/6,Ohio,39,1735925,4922,7530.86 ,642,1.26 ,1.07 ,0.25 ,0.2,9.96E+06,3.51E+04,1.70E+06,1.17E+07,1.73E+06,7621.00 ,90.14 ,,,,,,,,,,,,,,,,,,
2021/12/7,Ohio,39,1743801,7876,7213.00 ,643,1.19 ,1.01 ,0.24 ,0.2,9.95E+06,3.56E+04,1.70E+06,1.17E+07,1.74E+06,7530.86 ,317.86 ,,,,,,,,,,,,,,,,,,
2021/12/8,Ohio,39,1752508,8707,7252.86 ,644,1.20 ,1.02 ,0.24 ,0.2,9.94E+06,3.57E+04,1.71E+06,1.17E+07,1.75E+06,7213.00 ,-39.86 ,,,,,,,,,,,,,,,,,,
2021/12/9,Ohio,39,1761008,8500,7201.14 ,645,1.18 ,1.01 ,0.24 ,0.2,9.94E+06,3.58E+04,1.72E+06,1.17E+07,1.75E+06,7252.86 ,51.71 ,,,,,,,,,,,,,,,,,,
2021/12/10,Ohio,39,1768367,7359,7300.57 ,646,1.20 ,1.02 ,0.24 ,0.2,9.93E+06,3.58E+04,1.72E+06,1.17E+07,1.76E+06,7201.14 ,-99.43 ,,,,,,,,,,,,,,,,,,
2021/12/11,Ohio,39,1776439,8072,7592.86 ,647,1.24 ,1.06 ,0.25 ,0.2,9.92E+06,3.60E+04,1.73E+06,1.17E+07,1.77E+06,7300.57 ,-292.29 ,,,,,,,,,,,,,,,,,,
2021/12/12,Ohio,39,1781411,4972,7861.57 ,648,1.27 ,1.08 ,0.25 ,0.2,9.92E+06,3.64E+04,1.74E+06,1.17E+07,1.77E+06,7592.86 ,-268.71 ,,,,,,,,,,,,,,,,,,
2021/12/13,Ohio,39,1787029,5618,8333.43 ,649,1.33 ,1.13 ,0.27 ,0.2,9.91E+06,3.70E+04,1.75E+06,1.17E+07,1.78E+06,7861.57 ,-471.86 ,,,,,,,,,,,,,,,,,,
2021/12/14,Ohio,39,1796951,9922,8714.29 ,650,1.36 ,1.15 ,0.27 ,0.2,9.90E+06,3.79E+04,1.75E+06,1.17E+07,1.79E+06,8333.43 ,-380.86 ,,,,,,,,,,,,,,,,,,
2021/12/15,Ohio,39,1807539,10588,9008.86 ,651,1.36 ,1.15 ,0.27 ,0.2,9.89E+06,3.90E+04,1.76E+06,1.17E+07,1.80E+06,8714.29 ,-294.57 ,,,,,,,,,,,,,,,,,,
2021/12/16,Ohio,39,1819342,11803,9389.86 ,652,1.38 ,1.17 ,0.28 ,0.2,9.88E+06,4.02E+04,1.77E+06,1.17E+07,1.81E+06,9008.86 ,-381.00 ,,,,,,,,,,,,,,,,,,
2021/12/17,Ohio,39,1829367,10025,9741.86 ,653,1.39 ,1.17 ,0.28 ,0.2,9.87E+06,4.16E+04,1.78E+06,1.17E+07,1.82E+06,9389.86 ,-352.00 ,,,,,,,,,,,,,,,,,,
2021/12/18,Ohio,39,1839501,10134,10110.43 ,654,1.39 ,1.18 ,0.28 ,0.2,9.86E+06,4.30E+04,1.78E+06,1.17E+07,1.83E+06,9741.86 ,-368.57 ,,,,,,,,,,,,,,,,,,
2021/12/19,Ohio,39,1847140,7639,10435.57 ,655,1.39 ,1.17 ,0.28 ,0.2,9.85E+06,4.45E+04,1.79E+06,1.17E+07,1.84E+06,10110.43 ,-325.14 ,,,,,,,,,,,,,,,,,,
2021/12/20,Ohio,39,1855222,8082,11033.57 ,656,1.42 ,1.20 ,0.28 ,0.2,9.84E+06,4.60E+04,1.80E+06,1.17E+07,1.85E+06,10435.57 ,-598.00 ,,,,,,,,,,,,,,,,,,
2021/12/21,Ohio,39,1867724,12502,11660.57 ,657,1.45 ,1.22 ,0.29 ,0.2,9.83E+06,4.79E+04,1.81E+06,1.17E+07,1.86E+06,11033.57 ,-627.00 ,,,,,,,,,,,,,,,,,,
2021/12/22,Ohio,39,1880588,12864,10212.86 ,658,1.22 ,1.02 ,0.24 ,0.2,9.82E+06,5.00E+04,1.82E+06,1.17E+07,1.87E+06,11660.57 ,1447.71 ,,,,,,,,,,,,,,,,,,
2021/12/23,Ohio,39,1896577,15989,12109.71 ,659,1.44 ,1.21 ,0.29 ,0.2,9.81E+06,5.02E+04,1.83E+06,1.17E+07,1.88E+06,10212.86 ,-1896.86 ,,,,,,,,,,,,,,,,,,
2021/12/24,Ohio,39,1910991,14414,12111.14 ,660,1.38 ,1.16 ,0.28 ,0.2,9.80E+06,5.23E+04,1.84E+06,1.17E+07,1.89E+06,12109.71 ,-1.43 ,,,,,,,,,,,,,,,,,,
2021/12/25,Ohio,39,1910991,0,12525.57 ,661,1.39 ,1.16 ,0.28 ,0.2,9.78E+06,5.39E+04,1.85E+06,1.17E+07,1.91E+06,12111.14 ,-414.43 ,,,,,,,,,,,,,,,,,,
2021/12/26,Ohio,39,1931908,20917,13590.71 ,662,1.46 ,1.22 ,0.29 ,0.2,9.77E+06,5.57E+04,1.86E+06,1.17E+07,1.92E+06,12525.57 ,-1065.14 ,,,,,,,,,,,,,,,,,,
2021/12/27,Ohio,39,1940000,8092,14131.43 ,663,1.46 ,1.22 ,0.29 ,0.2,9.76E+06,5.81E+04,1.87E+06,1.17E+07,1.93E+06,13590.71 ,-540.71 ,,,,,,,,,,,,,,,,,,
2021/12/28,Ohio,39,1955403,15403,15014.86 ,664,1.49 ,1.24 ,0.30 ,0.2,9.74E+06,6.06E+04,1.89E+06,1.17E+07,1.95E+06,14131.43 ,-883.43 ,,,,,,,,,,,,,,,,,,
2021/12/29,Ohio,39,1975723,20320,15014.86 ,665,1.42 ,1.18 ,0.28 ,0.2,9.73E+06,6.35E+04,1.90E+06,1.17E+07,1.96E+06,15014.86 ,0.00 ,,,,,,,,,,,,,,,,,,
2021/12/30,Ohio,39,1995497,19774,17401.86 ,666,1.59 ,1.32 ,0.32 ,0.2,9.71E+06,6.58E+04,1.91E+06,1.17E+07,1.98E+06,15014.86 ,-2387.00 ,,,,,,,,,,,,,,,,,,
2021/12/31,Ohio,39,2016095,20598,18951.86 ,667,1.63 ,1.35 ,0.33 ,0.2,9.70E+06,7.01E+04,1.92E+06,1.17E+07,1.99E+06,17401.86 ,-1550.00 ,,,,,,,,,,,,,,,,,,
2022/1/1,Ohio,39,2016095,0,19667.29 ,668,1.58 ,1.31 ,0.32 ,0.2,9.68E+06,7.50E+04,1.94E+06,1.17E+07,2.01E+06,18951.86 ,-715.43 ,,,,,,,,,,,,,,,,,,
2022/1/2,Ohio,39,2053721,37626,19585.86 ,669,1.49 ,1.23 ,0.30 ,0.2,9.66E+06,7.97E+04,1.95E+06,1.17E+07,2.03E+06,19667.29 ,81.43 ,,,,,,,,,,,,,,,,,,
2022/1/3,Ohio,39,2072663,18942,19538.43 ,670,1.42 ,1.17 ,0.28 ,0.2,9.64E+06,8.33E+04,1.97E+06,1.17E+07,2.05E+06,19585.86 ,47.43 ,,,,,,,,,,,,,,,,,,
2022/1/4,Ohio,39,2093074,20411,19390.57 ,671,1.37 ,1.12 ,0.27 ,0.2,9.62E+06,8.62E+04,1.98E+06,1.17E+07,2.07E+06,19538.43 ,147.86 ,,,,,,,,,,,,,,,,,,
2022/1/5,Ohio,39,2112824,19750,22006.29 ,672,1.52 ,1.25 ,0.30 ,0.2,9.60E+06,8.83E+04,2.00E+06,1.17E+07,2.09E+06,19390.57 ,-2615.71 ,,,,,,,,,,,,,,,,,,
2022/1/6,Ohio,39,2132266,19442,19358.14 ,673,1.27 ,1.04 ,0.25 ,0.2,9.58E+06,9.27E+04,2.02E+06,1.17E+07,2.11E+06,22006.29 ,2648.14 ,,,,,,,,,,,,,,,,,,
2022/1/7,Ohio,39,2151829,19563,19229.57 ,674,1.26 ,1.03 ,0.25 ,0.2,9.56E+06,9.35E+04,2.04E+06,1.17E+07,2.13E+06,19358.14 ,128.57 ,,,,,,,,,,,,,,,,,,
2022/1/8,Ohio,39,2170139,18310,19115.29 ,675,1.25 ,1.02 ,0.25 ,0.2,9.54E+06,9.40E+04,2.06E+06,1.17E+07,2.15E+06,19229.57 ,114.29 ,,,,,,,,,,,,,,,,,,
2022/1/9,Ohio,39,2189228,19089,19164.29 ,676,1.25 ,1.02 ,0.25 ,0.2,9.52E+06,9.43E+04,2.08E+06,1.17E+07,2.17E+06,19115.29 ,-49.00 ,,,,,,,,,,,,,,,,,,
2022/1/10,Ohio,39,2207270,18042,19138.57 ,677,1.24 ,1.01 ,0.25 ,0.2,9.50E+06,9.46E+04,2.09E+06,1.17E+07,2.19E+06,19164.29 ,25.71 ,,,,,,,,,,,,,,,,,,
2022/1/11,Ohio,39,2226881,19611,22266.00 ,678,1.45 ,1.17 ,0.29 ,0.2,9.48E+06,9.48E+04,2.11E+06,1.17E+07,2.21E+06,19138.57 ,-3127.43 ,,,,,,,,,,,,,,,,,,
2022/1/12,Ohio,39,2246974,20093,26835.86 ,679,1.69 ,1.37 ,0.34 ,0.2,9.46E+06,9.81E+04,2.13E+06,1.17E+07,2.23E+06,22266.00 ,-4569.86 ,,,,,,,,,,,,,,,,,,
2022/1/13,Ohio,39,2266236,19262,27839.86 ,680,1.64 ,1.32 ,0.33 ,0.2,9.43E+06,1.05E+05,2.15E+06,1.17E+07,2.26E+06,26835.86 ,-1004.00 ,,,,,,,,,,,,,,,,,,
2022/1/14,Ohio,39,2307691,41455,28053.57 ,681,1.56 ,1.25 ,0.31 ,0.2,9.40E+06,1.12E+05,2.17E+06,1.17E+07,2.29E+06,27839.86 ,-213.71 ,,,,,,,,,,,,,,,,,,
2022/1/15,Ohio,39,2357990,50299,27415.86 ,682,1.45 ,1.16 ,0.29 ,0.2,9.38E+06,1.18E+05,2.20E+06,1.17E+07,2.31E+06,28053.57 ,637.71 ,,,,,,,,,,,,,,,,,,
2022/1/16,Ohio,39,2384107,26117,27461.57 ,683,1.41 ,1.13 ,0.28 ,0.2,9.35E+06,1.22E+05,2.22E+06,1.17E+07,2.34E+06,27415.86 ,-45.71 ,,,,,,,,,,,,,,,,,,
2022/1/17,Ohio,39,2403645,19538,27804.71 ,684,1.40 ,1.11 ,0.28 ,0.2,9.32E+06,1.25E+05,2.24E+06,1.17E+07,2.37E+06,27461.57 ,-343.14 ,,,,,,,,,,,,,,,,,,
2022/1/18,Ohio,39,2418792,15147,24696.43 ,685,1.22 ,0.97 ,0.24 ,0.2,9.29E+06,1.28E+05,2.27E+06,1.17E+07,2.40E+06,27804.71 ,3108.29 ,,,,,,,,,,,,,,,,,,
2022/1/19,Ohio,39,2439205,20413,19750.43 ,686,0.98 ,0.78 ,0.20 ,0.2,9.27E+06,1.27E+05,2.29E+06,1.17E+07,2.42E+06,24696.43 ,4946.00 ,,,,,,,,,,,,,,,,,,
2022/1/20,Ohio,39,2460869,21664,17438.29 ,687,0.91 ,0.72 ,0.18 ,0.2,9.25E+06,1.21E+05,2.32E+06,1.17E+07,2.44E+06,19750.43 ,2312.14 ,,,,,,,,,,,,,,,,,,
2022/1/21,Ohio,39,2480566,19697,16043.43 ,688,0.89 ,0.70 ,0.18 ,0.2,9.23E+06,1.14E+05,2.34E+06,1.17E+07,2.46E+06,17438.29 ,1394.86 ,,,,,,,,,,,,,,,,,,
2022/1/22,Ohio,39,2496243,15677,14474.29 ,689,0.85 ,0.67 ,0.17 ,0.2,9.22E+06,1.08E+05,2.37E+06,1.17E+07,2.47E+06,16043.43 ,1569.14 ,,,,,,,,,,,,,,,,,,
2022/1/23,Ohio,39,2506175,9932,13484.50 ,690,0.85 ,0.67 ,0.17 ,0.2,9.20E+06,1.01E+05,2.39E+06,1.17E+07,2.49E+06,14474.29 ,,,,,,,,,,,,,,,,,,,
2022/1/24,Ohio,39,2515949,9774,11848.60 ,691,0.80 ,0.63 ,0.16 ,0.2,9.19E+06,9.39E+04,2.41E+06,1.17E+07,2.50E+06,13484.50 ,,,,,,,,,,,,,,,,,,,
2022/1/25,Ohio,39,2520112,4163,9886.50 ,692,0.72 ,0.57 ,0.14 ,0.2,9.18E+06,8.70E+04,2.43E+06,1.17E+07,2.51E+06,11848.60 ,,,,,,,,,,,,,,,,,,,
,,,,,,,,,,,,,,,,,,,,,,,,,,,,,,,,,,,
,,,,,,,,,,,,,,,,,,,,,,,,,,,,,,,,,,,
,,,,,,,,,,,,,,,,,,,,,,,,,,,,,,,,,,,
,,,,,,,,,,,,,,,,,,,,,,,,,,,,,,,,,,,
,,,,,,,,,,,,,,,,,,,,,,,,,,,,,,,,,,,
,,,,,,,,,,,,,,,,,,,,,,,,,,,,,,,,,,,
,,,,,,,,,,,,,,,,,,,,,,,,,,,,,,,,,,,
,,,,,,,,,,,,,,,,,,,,,,,,,,,,,,,,,,,
,,,,,,,,,,,,,,,,,,,,,,,,,,,,,,,,,,,
,,,,,,,,,,,,,,,,,,,,,,,,,,,,,,,,,,,
,,,,,,,,,,,,,,,,,,,,,,,,,,,,,,,,,,,
,,,,,,,,,,,,,,,,,,,,,,,,,,,,,,,,,,,
,,,,,,,,,,,,,,,,,,,,,,,,,,,,,,,,,,,
,,,,,,,,,,,,,,,,,,,,,,,,,,,,,,,,,,,
,,,,,,,,,,,,,,,,,,,,,,,,,,,,,,,,,,,
,,,,,,,,,,,,,,,,,,,,,,,,,,,,,,,,,,,
,,,,,,,,,,,,,,,,,,,,,,,,,,,,,,,,,,,
,,,,,,,,,,,,,,,,,,,,,,,,,,,,,,,,,,,
,,,,,,,,,,,,,,,,,,,,,,,,,,,,,,,,,,,
,,,,,,,,,,,,,,,,,,,,,,,,,,,,,,,,,,,
,,,,,,,,,,,,,,,,,,,,,,,,,,,,,,,,,,,
,,,,,,,,,,,,,,,,,,,,,,,,,,,,,,,,,,,
,,,,,,,,,,,,,,,,,,,,,,,,,,,,,,,,,,,
,,,,,,,,,,,,,,,,,,,,,,,,,,,,,,,,,,,
,,,,,,,,,,,,,,,,,,,,,,,,,,,,,,,,,,,
,,,,,,,,,,,,,,,,,,,,,,,,,,,,,,,,,,,
,,,,,,,,,,,,,,,,,,,,,,,,,,,,,,,,,,,
,,,,,,,,,,,,,,,,,,,,,,,,,,,,,,,,,,,
,,,,,,,,,,,,,,,,,,,,,,,,,,,,,,,,,,,
,,,,,,,,,,,,,,,,,,,,,,,,,,,,,,,,,,,
,,,,,,,,,,,,,,,,,,,,,,,,,,,,,,,,,,,
,,,,,,,,,,,,,,,,,,,,,,,,,,,,,,,,,,,
,,,,,,,,,,,,,,,,,,,,,,,,,,,,,,,,,,,
,,,,,,,,,,,,,,,,,,,,,,,,,,,,,,,,,,,
,,,,,,,,,,,,,,,,,,,,,,,,,,,,,,,,,,,
,,,,,,,,,,,,,,,,,,,,,,,,,,,,,,,,,,,
,,,,,,,,,,,,,,,,,,,,,,,,,,,,,,,,,,,
,,,,,,,,,,,,,,,,,,,,,,,,,,,,,,,,,,,
,,,,,,,,,,,,,,,,,,,,,,,,,,,,,,,,,,,
,,,,,,,,,,,,,,,,,,,,,,,,,,,,,,,,,,,
,,,,,,,,,,,,,,,,,,,,,,,,,,,,,,,,,,,
,,,,,,,,,,,,,,,,,,,,,,,,,,,,,,,,,,,
,,,,,,,,,,,,,,,,,,,,,,,,,,,,,,,,,,,
,,,,,,,,,,,,,,,,,,,,,,,,,,,,,,,,,,,
,,,,,,,,,,,,,,,,,,,,,,,,,,,,,,,,,,,
,,,,,,,,,,,,,,,,,,,,,,,,,,,,,,,,,,,
,,,,,,,,,,,,,,,,,,,,,,,,,,,,,,,,,,,
,,,,,,,,,,,,,,,,,,,,,,,,,,,,,,,,,,,
,,,,,,,,,,,,,,,,,,,,,,,,,,,,,,,,,,,
,,,,,,,,,,,,,,,,,,,,,,,,,,,,,,,,,,,
,,,,,,,,,,,,,,,,,,,,,,,,,,,,,,,,,,,
,,,,,,,,,,,,,,,,,,,,,,,,,,,,,,,,,,,
,,,,,,,,,,,,,,,,,,,,,,,,,,,,,,,,,,,
,,,,,,,,,,,,,,,,,,,,,,,,,,,,,,,,,,,
,,,,,,,,,,,,,,,,,,,,,,,,,,,,,,,,,,,
,,,,,,,,,,,,,,,,,,,,,,,,,,,,,,,,,,,
,,,,,,,,,,,,,,,,,,,,,,,,,,,,,,,,,,,
,,,,,,,,,,,,,,,,,,,,,,,,,,,,,,,,,,,
,,,,,,,,,,,,,,,,,,,,,,,,,,,,,,,,,,,
,,,,,,,,,,,,,,,,,,,,,,,,,,,,,,,,,,,
,,,,,,,,,,,,,,,,,,,,,,,,,,,,,,,,,,,
,,,,,,,,,,,,,,,,,,,,,,,,,,,,,,,,,,,
,,,,,,,,,,,,,,,,,,,,,,,,,,,,,,,,,,,
,,,,,,,,,,,,,,,,,,,,,,,,,,,,,,,,,,,
,,,,,,,,,,,,,,,,,,,,,,,,,,,,,,,,,,,
,,,,,,,,,,,,,,,,,,,,,,,,,,,,,,,,,,,
,,,,,,,,,,,,,,,,,,,,,,,,,,,,,,,,,,,
,,,,,,,,,,,,,,,,,,,,,,,,,,,,,,,,,,,
,,,,,,,,,,,,,,,,,,,,,,,,,,,,,,,,,,,
,,,,,,,,,,,,,,,,,,,,,,,,,,,,,,,,,,,
,,,,,,,,,,,,,,,,,,,,,,,,,,,,,,,,,,,
,,,,,,,,,,,,,,,,,,,,,,,,,,,,,,,,,,,
,,,,,,,,,,,,,,,,,,,,,,,,,,,,,,,,,,,
,,,,,,,,,,,,,,,,,,,,,,,,,,,,,,,,,,,
,,,,,,,,,,,,,,,,,,,,,,,,,,,,,,,,,,,
,,,,,,,,,,,,,,,,,,,,,,,,,,,,,,,,,,,
,,,,,,,,,,,,,,,,,,,,,,,,,,,,,,,,,,,
,,,,,,,,,,,,,,,,,,,,,,,,,,,,,,,,,,,
,,,,,,,,,,,,,,,,,,,,,,,,,,,,,,,,,,,
,,,,,,,,,,,,,,,,,,,,,,,,,,,,,,,,,,,
,,,,,,,,,,,,,,,,,,,,,,,,,,,,,,,,,,,
,,,,,,,,,,,,,,,,,,,,,,,,,,,,,,,,,,,
,,,,,,,,,,,,,,,,,,,,,,,,,,,,,,,,,,,
,,,,,,,,,,,,,,,,,,,,,,,,,,,,,,,,,,,
,,,,,,,,,,,,,,,,,,,,,,,,,,,,,,,,,,,
,,,,,,,,,,,,,,,,,,,,,,,,,,,,,,,,,,,
,,,,,,,,,,,,,,,,,,,,,,,,,,,,,,,,,,,
,,,,,,,,,,,,,,,,,,,,,,,,,,,,,,,,,,,
,,,,,,,,,,,,,,,,,,,,,,,,,,,,,,,,,,,
,,,,,,,,,,,,,,,,,,,,,,,,,,,,,,,,,,,
,,,,,,,,,,,,,,,,,,,,,,,,,,,,,,,,,,,
,,,,,,,,,,,,,,,,,,,,,,,,,,,,,,,,,,,
,,,,,,,,,,,,,,,,,,,,,,,,,,,,,,,,,,,
,,,,,,,,,,,,,,,,,,,,,,,,,,,,,,,,,,,
,,,,,,,,,,,,,,,,,,,,,,,,,,,,,,,,,,,
,,,,,,,,,,,,,,,,,,,,,,,,,,,,,,,,,,,
,,,,,,,,,,,,,,,,,,,,,,,,,,,,,,,,,,,
,,,,,,,,,,,,,,,,,,,,,,,,,,,,,,,,,,,
,,,,,,,,,,,,,,,,,,,,,,,,,,,,,,,,,,,
,,,,,,,,,,,,,,,,,,,,,,,,,,,,,,,,,,,
,,,,,,,,,,,,,,,,,,,,,,,,,,,,,,,,,,,
,,,,,,,,,,,,,,,,,,,,,,,,,,,,,,,,,,,
,,,,,,,,,,,,,,,,,,,,,,,,,,,,,,,,,,,
,,,,,,,,,,,,,,,,,,,,,,,,,,,,,,,,,,,
,,,,,,,,,,,,,,,,,,,,,,,,,,,,,,,,,,,
,,,,,,,,,,,,,,,,,,,,,,,,,,,,,,,,,,,
,,,,,,,,,,,,,,,,,,,,,,,,,,,,,,,,,,,
,,,,,,,,,,,,,,,,,,,,,,,,,,,,,,,,,,,
,,,,,,,,,,,,,,,,,,,,,,,,,,,,,,,,,,,
,,,,,,,,,,,,,,,,,,,,,,,,,,,,,,,,,,,
,,,,,,,,,,,,,,,,,,,,,,,,,,,,,,,,,,,
,,,,,,,,,,,,,,,,,,,,,,,,,,,,,,,,,,,
,,,,,,,,,,,,,,,,,,,,,,,,,,,,,,,,,,,
,,,,,,,,,,,,,,,,,,,,,,,,,,,,,,,,,,,
,,,,,,,,,,,,,,,,,,,,,,,,,,,,,,,,,,,
,,,,,,,,,,,,,,,,,,,,,,,,,,,,,,,,,,,
,,,,,,,,,,,,,,,,,,,,,,,,,,,,,,,,,,,
,,,,,,,,,,,,,,,,,,,,,,,,,,,,,,,,,,,
,,,,,,,,,,,,,,,,,,,,,,,,,,,,,,,,,,,
,,,,,,,,,,,,,,,,,,,,,,,,,,,,,,,,,,,
,,,,,,,,,,,,,,,,,,,,,,,,,,,,,,,,,,,
,,,,,,,,,,,,,,,,,,,,,,,,,,,,,,,,,,,
,,,,,,,,,,,,,,,,,,,,,,,,,,,,,,,,,,,
,,,,,,,,,,,,,,,,,,,,,,,,,,,,,,,,,,,
,,,,,,,,,,,,,,,,,,,,,,,,,,,,,,,,,,,
,,,,,,,,,,,,,,,,,,,,,,,,,,,,,,,,,,,
,,,,,,,,,,,,,,,,,,,,,,,,,,,,,,,,,,,
,,,,,,,,,,,,,,,,,,,,,,,,,,,,,,,,,,,
,,,,,,,,,,,,,,,,,,,,,,,,,,,,,,,,,,,
,,,,,,,,,,,,,,,,,,,,,,,,,,,,,,,,,,,
,,,,,,,,,,,,,,,,,,,,,,,,,,,,,,,,,,,
,,,,,,,,,,,,,,,,,,,,,,,,,,,,,,,,,,,
,,,,,,,,,,,,,,,,,,,,,,,,,,,,,,,,,,,
,,,,,,,,,,,,,,,,,,,,,,,,,,,,,,,,,,,
,,,,,,,,,,,,,,,,,,,,,,,,,,,,,,,,,,,
,,,,,,,,,,,,,,,,,,,,,,,,,,,,,,,,,,,
,,,,,,,,,,,,,,,,,,,,,,,,,,,,,,,,,,,
,,,,,,,,,,,,,,,,,,,,,,,,,,,,,,,,,,,
,,,,,,,,,,,,,,,,,,,,,,,,,,,,,,,,,,,
,,,,,,,,,,,,,,,,,,,,,,,,,,,,,,,,,,,
,,,,,,,,,,,,,,,,,,,,,,,,,,,,,,,,,,,
,,,,,,,,,,,,,,,,,,,,,,,,,,,,,,,,,,,
,,,,,,,,,,,,,,,,,,,,,,,,,,,,,,,,,,,
,,,,,,,,,,,,,,,,,,,,,,,,,,,,,,,,,,,
,,,,,,,,,,,,,,,,,,,,,,,,,,,,,,,,,,,
,,,,,,,,,,,,,,,,,,,,,,,,,,,,,,,,,,,
,,,,,,,,,,,,,,,,,,,,,,,,,,,,,,,,,,,
,,,,,,,,,,,,,,,,,,,,,,,,,,,,,,,,,,,
,,,,,,,,,,,,,,,,,,,,,,,,,,,,,,,,,,,
,,,,,,,,,,,,,,,,,,,,,,,,,,,,,,,,,,,
,,,,,,,,,,,,,,,,,,,,,,,,,,,,,,,,,,,
,,,,,,,,,,,,,,,,,,,,,,,,,,,,,,,,,,,
,,,,,,,,,,,,,,,,,,,,,,,,,,,,,,,,,,,
,,,,,,,,,,,,,,,,,,,,,,,,,,,,,,,,,,,
,,,,,,,,,,,,,,,,,,,,,,,,,,,,,,,,,,,
,,,,,,,,,,,,,,,,,,,,,,,,,,,,,,,,,,,
,,,,,,,,,,,,,,,,,,,,,,,,,,,,,,,,,,,
,,,,,,,,,,,,,,,,,,,,,,,,,,,,,,,,,,,
,,,,,,,,,,,,,,,,,,,,,,,,,,,,,,,,,,,
,,,,,,,,,,,,,,,,,,,,,,,,,,,,,,,,,,,
,,,,,,,,,,,,,,,,,,,,,,,,,,,,,,,,,,,
,,,,,,,,,,,,,,,,,,,,,,,,,,,,,,,,,,,
,,,,,,,,,,,,,,,,,,,,,,,,,,,,,,,,,,,
,,,,,,,,,,,,,,,,,,,,,,,,,,,,,,,,,,,
,,,,,,,,,,,,,,,,,,,,,,,,,,,,,,,,,,,
,,,,,,,,,,,,,,,,,,,,,,,,,,,,,,,,,,,
,,,,,,,,,,,,,,,,,,,,,,,,,,,,,,,,,,,
,,,,,,,,,,,,,,,,,,,,,,,,,,,,,,,,,,,
,,,,,,,,,,,,,,,,,,,,,,,,,,,,,,,,,,,
,,,,,,,,,,,,,,,,,,,,,,,,,,,,,,,,,,,
,,,,,,,,,,,,,,,,,,,,,,,,,,,,,,,,,,,
,,,,,,,,,,,,,,,,,,,,,,,,,,,,,,,,,,,
,,,,,,,,,,,,,,,,,,,,,,,,,,,,,,,,,,,
,,,,,,,,,,,,,,,,,,,,,,,,,,,,,,,,,,,
,,,,,,,,,,,,,,,,,,,,,,,,,,,,,,,,,,,
,,,,,,,,,,,,,,,,,,,,,,,,,,,,,,,,,,,
,,,,,,,,,,,,,,,,,,,,,,,,,,,,,,,,,,,
,,,,,,,,,,,,,,,,,,,,,,,,,,,,,,,,,,,
,,,,,,,,,,,,,,,,,,,,,,,,,,,,,,,,,,,
,,,,,,,,,,,,,,,,,,,,,,,,,,,,,,,,,,,
,,,,,,,,,,,,,,,,,,,,,,,,,,,,,,,,,,,
,,,,,,,,,,,,,,,,,,,,,,,,,,,,,,,,,,,
,,,,,,,,,,,,,,,,,,,,,,,,,,,,,,,,,,,
,,,,,,,,,,,,,,,,,,,,,,,,,,,,,,,,,,,
,,,,,,,,,,,,,,,,,,,,,,,,,,,,,,,,,,,
,,,,,,,,,,,,,,,,,,,,,,,,,,,,,,,,,,,
,,,,,,,,,,,,,,,,,,,,,,,,,,,,,,,,,,,
,,,,,,,,,,,,,,,,,,,,,,,,,,,,,,,,,,,
,,,,,,,,,,,,,,,,,,,,,,,,,,,,,,,,,,,
,,,,,,,,,,,,,,,,,,,,,,,,,,,,,,,,,,,
,,,,,,,,,,,,,,,,,,,,,,,,,,,,,,,,,,,
,,,,,,,,,,,,,,,,,,,,,,,,,,,,,,,,,,,
,,,,,,,,,,,,,,,,,,,,,,,,,,,,,,,,,,,
,,,,,,,,,,,,,,,,,,,,,,,,,,,,,,,,,,,
,,,,,,,,,,,,,,,,,,,,,,,,,,,,,,,,,,,
,,,,,,,,,,,,,,,,,,,,,,,,,,,,,,,,,,,
,,,,,,,,,,,,,,,,,,,,,,,,,,,,,,,,,,,
,,,,,,,,,,,,,,,,,,,,,,,,,,,,,,,,,,,
,,,,,,,,,,,,,,,,,,,,,,,,,,,,,,,,,,,
,,,,,,,,,,,,,,,,,,,,,,,,,,,,,,,,,,,
,,,,,,,,,,,,,,,,,,,,,,,,,,,,,,,,,,,
,,,,,,,,,,,,,,,,,,,,,,,,,,,,,,,,,,,
,,,,,,,,,,,,,,,,,,,,,,,,,,,,,,,,,,,
,,,,,,,,,,,,,,,,,,,,,,,,,,,,,,,,,,,
,,,,,,,,,,,,,,,,,,,,,,,,,,,,,,,,,,,
,,,,,,,,,,,,,,,,,,,,,,,,,,,,,,,,,,,
,,,,,,,,,,,,,,,,,,,,,,,,,,,,,,,,,,,
,,,,,,,,,,,,,,,,,,,,,,,,,,,,,,,,,,,
,,,,,,,,,,,,,,,,,,,,,,,,,,,,,,,,,,,
,,,,,,,,,,,,,,,,,,,,,,,,,,,,,,,,,,,
,,,,,,,,,,,,,,,,,,,,,,,,,,,,,,,,,,,
,,,,,,,,,,,,,,,,,,,,,,,,,,,,,,,,,,,
,,,,,,,,,,,,,,,,,,,,,,,,,,,,,,,,,,,
,,,,,,,,,,,,,,,,,,,,,,,,,,,,,,,,,,,
,,,,,,,,,,,,,,,,,,,,,,,,,,,,,,,,,,,
,,,,,,,,,,,,,,,,,,,,,,,,,,,,,,,,,,,
,,,,,,,,,,,,,,,,,,,,,,,,,,,,,,,,,,,
,,,,,,,,,,,,,,,,,,,,,,,,,,,,,,,,,,,
,,,,,,,,,,,,,,,,,,,,,,,,,,,,,,,,,,,
,,,,,,,,,,,,,,,,,,,,,,,,,,,,,,,,,,,
,,,,,,,,,,,,,,,,,,,,,,,,,,,,,,,,,,,
,,,,,,,,,,,,,,,,,,,,,,,,,,,,,,,,,,,
,,,,,,,,,,,,,,,,,,,,,,,,,,,,,,,,,,,
,,,,,,,,,,,,,,,,,,,,,,,,,,,,,,,,,,,
,,,,,,,,,,,,,,,,,,,,,,,,,,,,,,,,,,,
,,,,,,,,,,,,,,,,,,,,,,,,,,,,,,,,,,,
,,,,,,,,,,,,,,,,,,,,,,,,,,,,,,,,,,,
,,,,,,,,,,,,,,,,,,,,,,,,,,,,,,,,,,,
,,,,,,,,,,,,,,,,,,,,,,,,,,,,,,,,,,,
,,,,,,,,,,,,,,,,,,,,,,,,,,,,,,,,,,,
,,,,,,,,,,,,,,,,,,,,,,,,,,,,,,,,,,,
,,,,,,,,,,,,,,,,,,,,,,,,,,,,,,,,,,,
,,,,,,,,,,,,,,,,,,,,,,,,,,,,,,,,,,,
,,,,,,,,,,,,,,,,,,,,,,,,,,,,,,,,,,,
,,,,,,,,,,,,,,,,,,,,,,,,,,,,,,,,,,,
,,,,,,,,,,,,,,,,,,,,,,,,,,,,,,,,,,,
,,,,,,,,,,,,,,,,,,,,,,,,,,,,,,,,,,,
,,,,,,,,,,,,,,,,,,,,,,,,,,,,,,,,,,,
,,,,,,,,,,,,,,,,,,,,,,,,,,,,,,,,,,,
,,,,,,,,,,,,,,,,,,,,,,,,,,,,,,,,,,,
,,,,,,,,,,,,,,,,,,,,,,,,,,,,,,,,,,,
,,,,,,,,,,,,,,,,,,,,,,,,,,,,,,,,,,,
,,,,,,,,,,,,,,,,,,,,,,,,,,,,,,,,,,,
,,,,,,,,,,,,,,,,,,,,,,,,,,,,,,,,,,,
,,,,,,,,,,,,,,,,,,,,,,,,,,,,,,,,,,,
,,,,,,,,,,,,,,,,,,,,,,,,,,,,,,,,,,,
,,,,,,,,,,,,,,,,,,,,,,,,,,,,,,,,,,,
,,,,,,,,,,,,,,,,,,,,,,,,,,,,,,,,,,,
,,,,,,,,,,,,,,,,,,,,,,,,,,,,,,,,,,,
,,,,,,,,,,,,,,,,,,,,,,,,,,,,,,,,,,,
,,,,,,,,,,,,,,,,,,,,,,,,,,,,,,,,,,,
,,,,,,,,,,,,,,,,,,,,,,,,,,,,,,,,,,,
,,,,,,,,,,,,,,,,,,,,,,,,,,,,,,,,,,,
,,,,,,,,,,,,,,,,,,,,,,,,,,,,,,,,,,,
,,,,,,,,,,,,,,,,,,,,,,,,,,,,,,,,,,,
,,,,,,,,,,,,,,,,,,,,,,,,,,,,,,,,,,,
,,,,,,,,,,,,,,,,,,,,,,,,,,,,,,,,,,,
,,,,,,,,,,,,,,,,,,,,,,,,,,,,,,,,,,,
,,,,,,,,,,,,,,,,,,,,,,,,,,,,,,,,,,,
,,,,,,,,,,,,,,,,,,,,,,,,,,,,,,,,,,,
,,,,,,,,,,,,,,,,,,,,,,,,,,,,,,,,,,,
,,,,,,,,,,,,,,,,,,,,,,,,,,,,,,,,,,,
,,,,,,,,,,,,,,,,,,,,,,,,,,,,,,,,,,,
,,,,,,,,,,,,,,,,,,,,,,,,,,,,,,,,,,,
,,,,,,,,,,,,,,,,,,,,,,,,,,,,,,,,,,,
,,,,,,,,,,,,,,,,,,,,,,,,,,,,,,,,,,,
,,,,,,,,,,,,,,,,,,,,,,,,,,,,,,,,,,,
,,,,,,,,,,,,,,,,,,,,,,,,,,,,,,,,,,,
,,,,,,,,,,,,,,,,,,,,,,,,,,,,,,,,,,,
,,,,,,,,,,,,,,,,,,,,,,,,,,,,,,,,,,,
,,,,,,,,,,,,,,,,,,,,,,,,,,,,,,,,,,,
,,,,,,,,,,,,,,,,,,,,,,,,,,,,,,,,,,,
,,,,,,,,,,,,,,,,,,,,,,,,,,,,,,,,,,,
,,,,,,,,,,,,,,,,,,,,,,,,,,,,,,,,,,,
,,,,,,,,,,,,,,,,,,,,,,,,,,,,,,,,,,,
,,,,,,,,,,,,,,,,,,,,,,,,,,,,,,,,,,,
,,,,,,,,,,,,,,,,,,,,,,,,,,,,,,,,,,,
,,,,,,,,,,,,,,,,,,,,,,,,,,,,,,,,,,,
,,,,,,,,,,,,,,,,,,,,,,,,,,,,,,,,,,,
,,,,,,,,,,,,,,,,,,,,,,,,,,,,,,,,,,,
,,,,,,,,,,,,,,,,,,,,,,,,,,,,,,,,,,,
,,,,,,,,,,,,,,,,,,,,,,,,,,,,,,,,,,,
,,,,,,,,,,,,,,,,,,,,,,,,,,,,,,,,,,,
,,,,,,,,,,,,,,,,,,,,,,,,,,,,,,,,,,,
,,,,,,,,,,,,,,,,,,,,,,,,,,,,,,,,,,,
,,,,,,,,,,,,,,,,,,,,,,,,,,,,,,,,,,,
,,,,,,,,,,,,,,,,,,,,,,,,,,,,,,,,,,,
,,,,,,,,,,,,,,,,,,,,,,,,,,,,,,,,,,,
,,,,,,,,,,,,,,,,,,,,,,,,,,,,,,,,,,,
,,,,,,,,,,,,,,,,,,,,,,,,,,,,,,,,,,,
,,,,,,,,,,,,,,,,,,,,,,,,,,,,,,,,,,,
,,,,,,,,,,,,,,,,,,,,,,,,,,,,,,,,,,,
,,,,,,,,,,,,,,,,,,,,,,,,,,,,,,,,,,,
,,,,,,,,,,,,,,,,,,,,,,,,,,,,,,,,,,,
,,,,,,,,,,,,,,,,,,,,,,,,,,,,,,,,,,,
